Customer_ID,Recency,Frequency,Monetary,R_Score,F_Score,M_Score,RFM_Score,Segment
C00001,50,7,110168.99,3,4,4,11,Loyal
C00002,13,7,146107.45,5,4,5,14,VIP
C00003,18,4,38477.81,4,2,3,9,Potential
C00004,17,7,258949.33,5,4,5,14,VIP
C00005,84,6,408203.26,2,4,5,11,Loyal
C00006,1,8,157850.47,5,5,5,15,VIP
C00007,78,6,36061.52,2,4,3,9,Potential
C00008,4,4,23378.73,5,2,2,9,Potential
C00009,69,7,65811.9,2,4,4,10,Loyal
C00010,14,5,45598.92999999999,5,3,3,11,Loyal
C00011,52,2,19534.43,3,1,2,6,At Risk
C00012,20,6,164997.91999999998,4,4,5,13,VIP
C00013,49,4,30446.97,3,2,3,8,Potential
C00014,48,6,23209.68,3,4,2,9,Potential
C00015,126,5,28203.120000000003,1,3,3,7,Potential
C00016,123,3,5573.93,1,1,1,3,Inactive
C00017,63,8,51371.1,3,5,3,11,Loyal
C00018,57,4,9236.439999999999,3,2,1,6,At Risk
C00019,19,7,101861.98,4,4,4,12,Loyal
C00020,112,2,14090.57,2,1,2,5,At Risk
C00021,150,5,70064.45,1,3,4,8,Potential
C00022,2,7,105896.85,5,4,4,13,VIP
C00023,168,6,19973.34,1,4,2,7,Potential
C00024,40,4,14960.91,3,2,2,7,Potential
C00025,29,6,288653.87,4,4,5,13,VIP
C00026,54,2,118861.6,3,1,5,9,Potential
C00027,197,4,18464.25,1,2,2,5,At Risk
C00028,42,4,11408.17,3,2,1,6,At Risk
C00029,46,7,28736.84,3,4,3,10,Loyal
C00030,117,4,10984.46,2,2,1,5,At Risk
C00031,297,1,34929.66,1,1,3,5,At Risk
C00032,23,8,189534.25999999998,4,5,5,14,VIP
C00033,40,5,42499.79,3,3,3,9,Potential
C00034,36,5,209480.92,4,3,5,12,Loyal
C00035,54,4,13914.06,3,2,2,7,Potential
C00036,41,5,12760.4,3,3,2,8,Potential
C00037,73,8,258094.75,2,5,5,12,Loyal
C00038,1,5,13815.74,5,3,2,10,Loyal
C00039,95,4,156453.38999999998,2,2,5,9,Potential
C00040,26,5,70959.06999999999,4,3,4,11,Loyal
C00041,141,3,86198.82999999999,1,1,4,6,At Risk
C00042,315,1,1537.06,1,1,1,3,Inactive
C00043,69,7,143071.87,2,4,5,11,Loyal
C00044,111,4,69742.92,2,2,4,8,Potential
C00045,62,6,67340.9,3,4,4,11,Loyal
C00046,44,5,68626.54999999999,3,3,4,10,Loyal
C00047,129,2,12057.98,1,1,2,4,Inactive
C00048,32,4,35795.99,4,2,3,9,Potential
C00049,201,3,12950.869999999999,1,1,2,4,Inactive
C00050,28,7,71030.8,4,4,4,12,Loyal
C00051,28,4,25795.65,4,2,2,8,Potential
C00052,24,5,32833.43,4,3,3,10,Loyal
C00053,53,5,74072.65,3,3,4,10,Loyal
C00054,64,5,183014.45,3,3,5,11,Loyal
C00055,215,2,12972.119999999999,1,1,2,4,Inactive
C00056,222,4,17289.82,1,2,2,5,At Risk
C00057,167,7,172551.22,1,4,5,10,Loyal
C00058,169,5,40696.909999999996,1,3,3,7,Potential
C00059,26,3,6781.79,4,1,1,6,At Risk
C00060,130,4,15546.55,1,2,2,5,At Risk
C00061,19,6,161827.39,4,4,5,13,VIP
C00062,70,7,92394.34,2,4,4,10,Loyal
C00063,33,7,72159.2,4,4,4,12,Loyal
C00064,15,7,230511.61,5,4,5,14,VIP
C00065,7,4,23199.26,5,2,2,9,Potential
C00066,43,2,3416.16,3,1,1,5,At Risk
C00067,30,4,18133.6,4,2,2,8,Potential
C00068,190,4,28543.77,1,2,3,6,At Risk
C00069,195,5,25424.84,1,3,2,6,At Risk
C00070,53,7,131919.62,3,4,5,12,Loyal
C00071,82,7,18548.05,2,4,2,8,Potential
C00072,95,7,54618.82,2,4,3,9,Potential
C00073,195,4,8967.18,1,2,1,4,Inactive
C00074,58,8,116741.41,3,5,5,13,VIP
C00075,7,5,202024.55000000002,5,3,5,13,VIP
C00076,185,2,4015.06,1,1,1,3,Inactive
C00077,31,5,19409.09,4,3,2,9,Potential
C00078,142,2,35010.47,1,1,3,5,At Risk
C00079,31,8,36983.200000000004,4,5,3,12,Loyal
C00080,80,2,22042.96,2,1,2,5,At Risk
C00081,48,6,36339.72,3,4,3,10,Loyal
C00082,144,6,20325.61,1,4,2,7,Potential
C00083,36,6,163649.28,4,4,5,13,VIP
C00084,190,3,12193.4,1,1,2,4,Inactive
C00085,96,6,24471.100000000002,2,4,2,8,Potential
C00086,178,3,15826.529999999999,1,1,2,4,Inactive
C00087,68,4,5874.21,2,2,1,5,At Risk
C00088,37,9,38791.97,4,5,3,12,Loyal
C00089,148,3,11379.04,1,1,1,3,Inactive
C00090,28,8,188973.63,4,5,5,14,VIP
C00091,162,3,29507.730000000003,1,1,3,5,At Risk
C00092,55,7,101155.52,3,4,4,11,Loyal
C00093,292,1,436.57,1,1,1,3,Inactive
C00094,78,2,4464.110000000001,2,1,1,4,Inactive
C00095,78,2,6125.110000000001,2,1,1,4,Inactive
C00096,4,6,165812.31,5,4,5,14,VIP
C00097,29,4,25398.71,4,2,2,8,Potential
C00098,38,5,10179.07,3,3,1,7,Potential
C00099,2,7,80947.75,5,4,4,13,VIP
C00101,15,5,44401.07,5,3,3,11,Loyal
C00102,16,10,173584.16999999998,5,5,5,15,VIP
C00103,30,4,79100.35,4,2,4,10,Loyal
C00104,166,2,29471.16,1,1,3,5,At Risk
C00105,17,9,137822.4,5,5,5,15,VIP
C00106,102,7,36053.350000000006,2,4,3,9,Potential
C00107,61,6,244445.44,3,4,5,12,Loyal
C00108,2,7,108725.04,5,4,4,13,VIP
C00109,157,4,77356.15,1,2,4,7,Potential
C00110,3,8,22955.5,5,5,2,12,Loyal
C00111,40,7,308909.59,3,4,5,12,Loyal
C00112,44,3,3014.88,3,1,1,5,At Risk
C00113,13,9,31000.94,5,5,3,13,VIP
C00114,77,4,8627.35,2,2,1,5,At Risk
C00115,229,4,51439.88,1,2,3,6,At Risk
C00116,11,5,30091.1,5,3,3,11,Loyal
C00117,7,7,119841.17,5,4,5,14,VIP
C00118,251,2,6808.860000000001,1,1,1,3,Inactive
C00119,16,5,139252.11,5,3,5,13,VIP
C00120,16,6,13646.99,5,4,2,11,Loyal
C00121,15,8,173508.43,5,5,5,15,VIP
C00122,31,5,33515.61,4,3,3,10,Loyal
C00123,77,7,150363.88999999998,2,4,5,11,Loyal
C00124,103,1,901.11,2,1,1,4,Inactive
C00125,101,2,6701.45,2,1,1,4,Inactive
C00126,46,6,18531.81,3,4,2,9,Potential
C00127,46,5,20617.21,3,3,2,8,Potential
C00128,28,3,64228.38,4,1,4,9,Potential
C00129,66,2,10871.27,3,1,1,5,At Risk
C00130,4,6,270738.07,5,4,5,14,VIP
C00131,272,3,90000.26,1,1,4,6,At Risk
C00132,4,9,173278.28,5,5,5,15,VIP
C00133,65,7,17147.09,3,4,2,9,Potential
C00134,15,5,17375.49,5,3,2,10,Loyal
C00135,15,6,207638.38999999998,5,4,5,14,VIP
C00136,125,3,18418.879999999997,1,1,2,4,Inactive
C00137,40,3,14911.039999999999,3,1,2,6,At Risk
C00138,31,3,11340.220000000001,4,1,1,6,At Risk
C00139,222,1,2672.86,1,1,1,3,Inactive
C00140,27,5,68272.46,4,3,4,11,Loyal
C00141,53,6,37558.96,3,4,3,10,Loyal
C00142,45,5,93275.75,3,3,4,10,Loyal
C00143,114,6,66963.94,2,4,4,10,Loyal
C00144,48,5,22699.73,3,3,2,8,Potential
C00145,64,5,72137.87,3,3,4,10,Loyal
C00146,48,7,114461.28,3,4,5,12,Loyal
C00147,27,4,13406.42,4,2,2,8,Potential
C00148,191,1,2751.68,1,1,1,3,Inactive
C00149,33,7,164823.94,4,4,5,13,VIP
C00150,10,4,42369.4,5,2,3,10,Loyal
C00151,67,4,10073.630000000001,3,2,1,6,At Risk
C00152,51,6,20707.5,3,4,2,9,Potential
C00153,3,5,129576.45000000001,5,3,5,13,VIP
C00154,59,6,134535.86000000002,3,4,5,12,Loyal
C00155,23,3,9464.970000000001,4,1,1,6,At Risk
C00156,60,7,26503.01,3,4,3,10,Loyal
C00157,61,9,23421.2,3,5,2,10,Loyal
C00158,73,7,51989.89,2,4,3,9,Potential
C00159,73,6,39172.15,2,4,3,9,Potential
C00160,102,7,60848.79,2,4,4,10,Loyal
C00161,197,5,97995.97,1,3,4,8,Potential
C00162,73,4,7419.5,2,2,1,5,At Risk
C00163,104,6,76024.42,2,4,4,10,Loyal
C00164,15,6,41035.17,5,4,3,12,Loyal
C00165,191,5,265385.9,1,3,5,9,Potential
C00166,18,2,4429.219999999999,4,1,1,6,At Risk
C00167,19,9,50417.09,4,5,3,12,Loyal
C00168,105,7,150160.38,2,4,5,11,Loyal
C00169,8,2,33728.13,5,1,3,9,Potential
C00170,82,3,70398.62,2,1,4,7,Potential
C00171,69,9,65135.61,2,5,4,11,Loyal
C00172,15,7,16918.71,5,4,2,11,Loyal
C00173,107,5,132712.87,2,3,5,10,Loyal
C00174,3,8,67294.42,5,5,4,14,VIP
C00175,16,8,63794.09,5,5,4,14,VIP
C00176,149,3,93120.34,1,1,4,6,At Risk
C00177,56,4,147535.30000000002,3,2,5,10,Loyal
C00178,80,2,4978.11,2,1,1,4,Inactive
C00179,47,5,19396.38,3,3,2,8,Potential
C00180,123,5,27496.97,1,3,3,7,Potential
C00181,1,5,15412.26,5,3,2,10,Loyal
C00182,82,3,24206.35,2,1,2,5,At Risk
C00183,13,4,48685.840000000004,5,2,3,10,Loyal
C00184,130,3,38698.36,1,1,3,5,At Risk
C00185,182,4,8825.75,1,2,1,4,Inactive
C00186,7,7,311606.44,5,4,5,14,VIP
C00187,91,5,20243.42,2,3,2,7,Potential
C00188,310,2,60986.98,1,1,4,6,At Risk
C00189,193,2,86783.97,1,1,4,6,At Risk
C00190,40,8,46081.68,3,5,3,11,Loyal
C00191,2,5,11550.630000000001,5,3,1,9,Potential
C00192,305,1,1894.05,1,1,1,3,Inactive
C00193,140,6,35905.35,1,4,3,8,Potential
C00194,114,4,26033.41,2,2,3,7,Potential
C00195,72,6,64405.299999999996,2,4,4,10,Loyal
C00196,80,6,64530.19,2,4,4,10,Loyal
C00197,97,9,197563.75,2,5,5,12,Loyal
C00198,174,3,13704.91,1,1,2,4,Inactive
C00199,105,1,3002.85,2,1,1,4,Inactive
C00200,161,2,7455.5,1,1,1,3,Inactive
C00201,96,2,4056.1400000000003,2,1,1,4,Inactive
C00202,70,5,68176.68,2,3,4,9,Potential
C00203,63,5,10070.79,3,3,1,7,Potential
C00204,159,1,2591.68,1,1,1,3,Inactive
C00205,56,8,31756.28,3,5,3,11,Loyal
C00206,43,8,91929.34,3,5,4,12,Loyal
C00207,126,6,22381.25,1,4,2,7,Potential
C00208,143,3,72552.01,1,1,4,6,At Risk
C00209,342,1,8008.86,1,1,1,3,Inactive
C00210,210,2,4176.76,1,1,1,3,Inactive
C00211,73,4,17690.36,2,2,2,6,At Risk
C00212,80,7,85097.66,2,4,4,10,Loyal
C00213,49,8,187569.51,3,5,5,13,VIP
C00214,25,3,34228.0,4,1,3,8,Potential
C00215,17,4,16236.91,5,2,2,9,Potential
C00216,10,7,41167.07,5,4,3,12,Loyal
C00217,54,7,214114.31,3,4,5,12,Loyal
C00218,98,2,4872.8099999999995,2,1,1,4,Inactive
C00219,34,5,37986.37,4,3,3,10,Loyal
C00220,66,2,5886.51,3,1,1,5,At Risk
C00221,49,6,176531.03,3,4,5,12,Loyal
C00222,18,6,76497.13,4,4,4,12,Loyal
C00223,92,2,91552.76,2,1,4,7,Potential
C00224,135,3,6272.71,1,1,1,3,Inactive
C00225,61,9,30818.3,3,5,3,11,Loyal
C00226,97,5,64632.25,2,3,4,9,Potential
C00227,29,5,83006.31999999999,4,3,4,11,Loyal
C00228,52,5,27011.379999999997,3,3,3,9,Potential
C00229,47,8,179870.63,3,5,5,13,VIP
C00230,53,5,13931.1,3,3,2,8,Potential
C00231,104,7,16562.87,2,4,2,8,Potential
C00232,72,7,38587.549999999996,2,4,3,9,Potential
C00233,249,5,25034.989999999998,1,3,2,6,At Risk
C00234,33,8,30169.05,4,5,3,12,Loyal
C00235,58,1,1511.33,3,1,1,5,At Risk
C00236,156,4,31513.469999999998,1,2,3,6,At Risk
C00237,246,2,40557.49,1,1,3,5,At Risk
C00238,32,7,240364.90999999997,4,4,5,13,VIP
C00239,12,7,45285.95,5,4,3,12,Loyal
C00240,23,5,14774.82,4,3,2,9,Potential
C00241,20,3,64265.340000000004,4,1,4,9,Potential
C00242,257,2,36671.229999999996,1,1,3,5,At Risk
C00243,34,7,57322.79,4,4,3,11,Loyal
C00244,179,7,291744.82999999996,1,4,5,10,Loyal
C00245,120,6,57381.74,1,4,3,8,Potential
C00246,53,6,38116.88,3,4,3,10,Loyal
C00247,150,8,99089.4,1,5,4,10,Loyal
C00248,12,5,265741.33999999997,5,3,5,13,VIP
C00249,107,2,54306.57,2,1,3,6,At Risk
C00250,79,5,201000.78000000003,2,3,5,10,Loyal
C00251,222,6,168704.63999999998,1,4,5,10,Loyal
C00252,6,7,22110.31,5,4,2,11,Loyal
C00253,37,2,64159.36,4,1,4,9,Potential
C00254,14,4,56874.34,5,2,3,10,Loyal
C00255,83,5,126434.11,2,3,5,10,Loyal
C00256,29,8,74914.68,4,5,4,13,VIP
C00257,69,7,73117.34000000001,2,4,4,10,Loyal
C00258,24,4,8355.99,4,2,1,7,Potential
C00259,25,6,127577.52,4,4,5,13,VIP
C00260,179,5,39945.979999999996,1,3,3,7,Potential
C00261,137,3,12751.02,1,1,2,4,Inactive
C00262,26,3,13269.08,4,1,2,7,Potential
C00263,169,2,10252.86,1,1,1,3,Inactive
C00264,74,3,12600.0,2,1,2,5,At Risk
C00265,80,8,18465.31,2,5,2,9,Potential
C00266,32,3,11052.8,4,1,1,6,At Risk
C00267,15,7,18450.86,5,4,2,11,Loyal
C00268,83,3,3004.08,2,1,1,4,Inactive
C00269,32,3,9253.09,4,1,1,6,At Risk
C00270,45,3,86565.63,3,1,4,8,Potential
C00271,178,4,14699.31,1,2,2,5,At Risk
C00272,21,5,181394.67,4,3,5,12,Loyal
C00273,130,1,2132.08,1,1,1,3,Inactive
C00274,20,3,120120.1,4,1,5,10,Loyal
C00275,4,4,60599.920000000006,5,2,4,11,Loyal
C00276,1,3,9736.59,5,1,1,7,Potential
C00277,178,2,52674.26,1,1,3,5,At Risk
C00278,112,5,103834.19,2,3,4,9,Potential
C00279,10,6,40535.38,5,4,3,12,Loyal
C00280,308,2,17920.55,1,1,2,4,Inactive
C00281,3,5,132837.71000000002,5,3,5,13,VIP
C00282,26,6,123940.52,4,4,5,13,VIP
C00283,77,6,35113.12,2,4,3,9,Potential
C00284,48,5,18099.04,3,3,2,8,Potential
C00285,21,8,29886.739999999998,4,5,3,12,Loyal
C00286,53,6,28604.370000000003,3,4,3,10,Loyal
C00287,67,5,22787.58,3,3,2,8,Potential
C00288,93,7,123126.10999999999,2,4,5,11,Loyal
C00289,23,5,31552.94,4,3,3,10,Loyal
C00290,26,5,177255.22,4,3,5,12,Loyal
C00291,89,5,34693.1,2,3,3,8,Potential
C00292,44,5,15184.27,3,3,2,8,Potential
C00293,224,2,7555.4400000000005,1,1,1,3,Inactive
C00294,30,6,65146.36,4,4,4,12,Loyal
C00295,9,4,126533.03,5,2,5,12,Loyal
C00296,62,4,30443.61,3,2,3,8,Potential
C00297,51,7,40951.52,3,4,3,10,Loyal
C00298,192,2,12680.220000000001,1,1,2,4,Inactive
C00299,145,3,7204.36,1,1,1,3,Inactive
C00300,195,5,65902.52,1,3,4,8,Potential
C00301,73,6,191071.0,2,4,5,11,Loyal
C00302,21,6,14514.960000000001,4,4,2,10,Loyal
C00303,6,6,131234.11,5,4,5,14,VIP
C00304,26,8,374179.68000000005,4,5,5,14,VIP
C00305,68,4,53572.29,2,2,3,7,Potential
C00306,267,2,7947.379999999999,1,1,1,3,Inactive
C00307,57,4,11031.32,3,2,1,6,At Risk
C00308,57,3,38789.130000000005,3,1,3,7,Potential
C00309,32,5,77347.07,4,3,4,11,Loyal
C00310,15,4,76998.47,5,2,4,11,Loyal
C00311,36,3,102414.39,4,1,4,9,Potential
C00312,124,4,26831.45,1,2,3,6,At Risk
C00313,25,5,55559.71,4,3,3,10,Loyal
C00314,8,5,72484.14,5,3,4,12,Loyal
C00315,13,5,126488.32,5,3,5,13,VIP
C00316,93,5,99071.52,2,3,4,9,Potential
C00317,99,5,20451.92,2,3,2,7,Potential
C00318,44,5,160801.25999999998,3,3,5,11,Loyal
C00319,4,12,80840.48,5,5,4,14,VIP
C00320,21,3,7114.5,4,1,1,6,At Risk
C00321,99,7,244657.63,2,4,5,11,Loyal
C00322,131,4,10548.41,1,2,1,4,Inactive
C00323,99,6,67851.34999999999,2,4,4,10,Loyal
C00324,6,8,45281.020000000004,5,5,3,13,VIP
C00325,201,4,13888.08,1,2,2,5,At Risk
C00326,2,9,124090.13,5,5,5,15,VIP
C00327,22,4,15624.12,4,2,2,8,Potential
C00328,71,2,32713.58,2,1,3,6,At Risk
C00329,19,7,150108.45,4,4,5,13,VIP
C00330,4,9,489612.79000000004,5,5,5,15,VIP
C00331,94,10,144883.7,2,5,5,12,Loyal
C00332,141,1,20766.65,1,1,2,4,Inactive
C00333,89,8,145380.36,2,5,5,12,Loyal
C00334,21,4,62561.79,4,2,4,10,Loyal
C00335,35,6,14454.74,4,4,2,10,Loyal
C00336,32,9,40345.72,4,5,3,12,Loyal
C00337,128,3,28860.14,1,1,3,5,At Risk
C00338,46,6,86527.8,3,4,4,11,Loyal
C00339,45,6,81495.2,3,4,4,11,Loyal
C00340,32,6,23370.87,4,4,2,10,Loyal
C00341,5,7,75855.01,5,4,4,13,VIP
C00342,216,2,4230.6,1,1,1,3,Inactive
C00343,9,5,72731.18000000001,5,3,4,12,Loyal
C00344,34,5,33566.1,4,3,3,10,Loyal
C00345,150,4,31846.29,1,2,3,6,At Risk
C00346,3,7,16591.0,5,4,2,11,Loyal
C00347,146,5,43917.12,1,3,3,7,Potential
C00348,52,4,7627.0599999999995,3,2,1,6,At Risk
C00349,32,5,310906.28,4,3,5,12,Loyal
C00350,3,2,275616.51,5,1,5,11,Loyal
C00351,27,7,69419.88,4,4,4,12,Loyal
C00352,39,1,473.73,3,1,1,5,At Risk
C00353,37,3,16794.0,4,1,2,7,Potential
C00354,97,4,86961.40999999999,2,2,4,8,Potential
C00355,68,4,74533.83,2,2,4,8,Potential
C00356,110,4,35535.13,2,2,3,7,Potential
C00357,139,2,3042.92,1,1,1,3,Inactive
C00358,8,6,60996.36,5,4,4,13,VIP
C00359,7,7,59661.69,5,4,4,13,VIP
C00360,38,5,57794.649999999994,3,3,3,9,Potential
C00361,44,8,74130.37000000001,3,5,4,12,Loyal
C00362,132,3,64056.83,1,1,4,6,At Risk
C00363,37,4,66724.94,4,2,4,10,Loyal
C00364,11,5,28238.690000000002,5,3,3,11,Loyal
C00365,58,3,11171.42,3,1,1,5,At Risk
C00366,82,6,53353.78,2,4,3,9,Potential
C00367,12,5,12852.32,5,3,2,10,Loyal
C00368,77,3,85028.09,2,1,4,7,Potential
C00369,14,6,14221.1,5,4,2,11,Loyal
C00370,8,7,208191.04,5,4,5,14,VIP
C00371,69,6,13522.9,2,4,2,8,Potential
C00372,26,3,16037.3,4,1,2,7,Potential
C00373,33,6,11110.58,4,4,1,9,Potential
C00374,238,5,22200.73,1,3,2,6,At Risk
C00375,29,4,76757.89,4,2,4,10,Loyal
C00376,109,7,17102.17,2,4,2,8,Potential
C00377,12,5,11649.16,5,3,1,9,Potential
C00378,41,6,38440.43,3,4,3,10,Loyal
C00379,158,5,18956.61,1,3,2,6,At Risk
C00380,69,4,56188.240000000005,2,2,3,7,Potential
C00381,68,2,13332.85,2,1,2,5,At Risk
C00382,44,6,26207.29,3,4,3,10,Loyal
C00383,10,5,81685.34,5,3,4,12,Loyal
C00384,183,3,8489.6,1,1,1,3,Inactive
C00385,113,7,71386.77,2,4,4,10,Loyal
C00386,1,4,12812.26,5,2,2,9,Potential
C00387,32,7,33825.46,4,4,3,11,Loyal
C00388,20,8,28527.28,4,5,3,12,Loyal
C00389,119,2,11210.46,2,1,1,4,Inactive
C00390,200,5,14436.57,1,3,2,6,At Risk
C00391,12,5,12831.32,5,3,2,10,Loyal
C00392,140,5,150256.08,1,3,5,9,Potential
C00393,12,5,41058.08,5,3,3,11,Loyal
C00394,9,8,17009.04,5,5,2,12,Loyal
C00395,10,9,48742.2,5,5,3,13,VIP
C00396,147,5,257985.88999999998,1,3,5,9,Potential
C00397,140,7,93896.51999999999,1,4,4,9,Potential
C00398,19,5,8107.9400000000005,4,3,1,8,Potential
C00399,182,7,257287.39,1,4,5,10,Loyal
C00400,2,6,100476.26000000001,5,4,4,13,VIP
C00401,42,8,278967.25,3,5,5,13,VIP
C00402,120,7,86673.63,1,4,4,9,Potential
C00403,54,6,16460.3,3,4,2,9,Potential
C00404,15,6,57178.43000000001,5,4,3,12,Loyal
C00405,120,3,7053.68,1,1,1,3,Inactive
C00406,13,6,118349.49,5,4,5,14,VIP
C00407,61,8,220950.79,3,5,5,13,VIP
C00408,38,3,12562.36,3,1,2,6,At Risk
C00409,161,5,17226.95,1,3,2,6,At Risk
C00410,48,6,91075.04000000001,3,4,4,11,Loyal
C00411,128,3,18284.72,1,1,2,4,Inactive
C00412,82,4,8892.380000000001,2,2,1,5,At Risk
C00413,60,8,220558.40000000002,3,5,5,13,VIP
C00414,101,5,107002.25000000001,2,3,4,9,Potential
C00415,33,5,120690.16,4,3,5,12,Loyal
C00416,15,5,14751.650000000001,5,3,2,10,Loyal
C00417,91,7,85008.54000000001,2,4,4,10,Loyal
C00418,24,6,294386.98,4,4,5,13,VIP
C00419,52,7,27653.15,3,4,3,10,Loyal
C00420,46,4,50852.9,3,2,3,8,Potential
C00421,104,8,19808.27,2,5,2,9,Potential
C00422,31,3,109530.03,4,1,4,9,Potential
C00423,58,1,1486.77,3,1,1,5,At Risk
C00424,8,4,10185.91,5,2,1,8,Potential
C00425,38,5,19743.79,3,3,2,8,Potential
C00426,74,5,87564.12,2,3,4,9,Potential
C00427,38,6,126416.97,3,4,5,12,Loyal
C00428,27,6,68457.88,4,4,4,12,Loyal
C00429,1,5,108864.89,5,3,4,12,Loyal
C00430,185,3,71027.08,1,1,4,6,At Risk
C00431,173,3,8363.52,1,1,1,3,Inactive
C00432,132,4,20615.71,1,2,2,5,At Risk
C00433,10,4,34665.86,5,2,3,10,Loyal
C00434,125,4,34433.64,1,2,3,6,At Risk
C00435,126,3,13079.18,1,1,2,4,Inactive
C00436,66,5,32753.110000000004,3,3,3,9,Potential
C00437,175,1,2668.6,1,1,1,3,Inactive
C00438,207,4,14860.350000000002,1,2,2,5,At Risk
C00439,23,6,37265.909999999996,4,4,3,11,Loyal
C00440,44,5,28274.27,3,3,3,9,Potential
C00441,69,5,9438.62,2,3,1,6,At Risk
C00442,17,5,13676.810000000001,5,3,2,10,Loyal
C00443,8,3,14888.75,5,1,2,8,Potential
C00444,72,6,16287.09,2,4,2,8,Potential
C00445,15,3,7417.5,5,1,1,7,Potential
C00446,48,3,6964.0599999999995,3,1,1,5,At Risk
C00447,9,4,244462.08,5,2,5,12,Loyal
C00448,56,6,16987.45,3,4,2,9,Potential
C00449,22,6,69590.98999999999,4,4,4,12,Loyal
C00450,58,9,47488.4,3,5,3,11,Loyal
C00451,110,5,161331.28999999998,2,3,5,10,Loyal
C00452,7,5,17382.86,5,3,2,10,Loyal
C00453,2,6,69723.27,5,4,4,13,VIP
C00454,15,7,33997.68,5,4,3,12,Loyal
C00455,258,1,184341.09,1,1,5,7,Potential
C00456,23,5,169906.18,4,3,5,12,Loyal
C00457,14,5,17640.4,5,3,2,10,Loyal
C00458,4,4,10456.65,5,2,1,8,Potential
C00459,6,6,25710.38,5,4,2,11,Loyal
C00460,144,4,44235.18,1,2,3,6,At Risk
C00461,57,3,88808.16,3,1,4,8,Potential
C00462,34,6,81051.2,4,4,4,12,Loyal
C00463,9,7,168795.61,5,4,5,14,VIP
C00464,92,6,114907.81999999999,2,4,5,11,Loyal
C00465,14,5,110123.58,5,3,4,12,Loyal
C00466,53,8,44457.38,3,5,3,11,Loyal
C00467,15,3,6887.9400000000005,5,1,1,7,Potential
C00468,19,4,25665.78,4,2,2,8,Potential
C00469,77,2,55779.68,2,1,3,6,At Risk
C00470,17,7,24947.11,4,4,2,10,Loyal
C00471,104,3,155687.34999999998,2,1,5,8,Potential
C00472,249,2,7425.5,1,1,1,3,Inactive
C00473,34,3,58197.240000000005,4,1,3,8,Potential
C00474,125,5,9093.87,1,3,1,5,At Risk
C00475,54,7,276058.93000000005,3,4,5,12,Loyal
C00476,16,6,67469.97,5,4,4,13,VIP
C00477,23,2,8477.380000000001,4,1,1,6,At Risk
C00479,123,5,21678.199999999997,1,3,2,6,At Risk
C00480,128,8,23998.08,1,5,2,8,Potential
C00481,81,4,344482.58999999997,2,2,5,9,Potential
C00482,4,5,209253.47,5,3,5,13,VIP
C00483,21,8,90990.1,4,5,4,13,VIP
C00484,32,9,88732.23,4,5,4,13,VIP
C00485,82,5,67000.71,2,3,4,9,Potential
C00486,50,5,19620.11,3,3,2,8,Potential
C00487,9,5,220663.44,5,3,5,13,VIP
C00488,26,9,156628.97999999998,4,5,5,14,VIP
C00489,172,5,77040.63,1,3,4,8,Potential
C00490,30,3,2190.27,4,1,1,6,At Risk
C00491,199,3,7383.040000000001,1,1,1,3,Inactive
C00492,1,7,67880.43000000001,5,4,4,13,VIP
C00493,175,4,76301.75,1,2,4,7,Potential
C00494,78,5,60426.91,2,3,4,9,Potential
C00495,7,4,7652.49,5,2,1,8,Potential
C00496,38,4,44618.34,3,2,3,8,Potential
C00497,90,6,11688.14,2,4,1,7,Potential
C00498,101,4,7656.450000000001,2,2,1,5,At Risk
C00499,20,6,39891.909999999996,4,4,3,11,Loyal
C00500,6,6,85752.91,5,4,4,13,VIP
C00501,91,4,33721.11,2,2,3,7,Potential
C00502,214,2,12835.8,1,1,2,4,Inactive
C00503,34,5,7149.11,4,3,1,8,Potential
C00504,26,6,222831.99,4,4,5,13,VIP
C00505,84,9,299352.31,2,5,5,12,Loyal
C00506,104,7,27281.41,2,4,3,9,Potential
C00507,99,4,50722.22,2,2,3,7,Potential
C00508,119,3,4356.23,1,1,1,3,Inactive
C00509,107,7,37001.86,2,4,3,9,Potential
C00510,75,5,17772.57,2,3,2,7,Potential
C00511,32,6,74959.84000000001,4,4,4,12,Loyal
C00512,46,8,98853.81,3,5,4,12,Loyal
C00513,68,4,10874.27,2,2,1,5,At Risk
C00514,69,4,10938.44,2,2,1,5,At Risk
C00515,2,5,68021.84,5,3,4,12,Loyal
C00516,7,6,71159.97,5,4,4,13,VIP
C00517,61,3,15784.07,3,1,2,6,At Risk
C00518,28,5,32949.6,4,3,3,10,Loyal
C00519,32,9,41190.03,4,5,3,12,Loyal
C00520,6,5,6286.95,5,3,1,9,Potential
C00521,33,8,103062.22,4,5,4,13,VIP
C00522,62,8,160697.76,3,5,5,13,VIP
C00523,22,7,121325.23999999999,4,4,5,13,VIP
C00524,3,5,29533.320000000003,5,3,3,11,Loyal
C00525,51,10,184814.88,3,5,5,13,VIP
C00526,81,3,5226.9,2,1,1,4,Inactive
C00527,24,1,2532.13,4,1,1,6,At Risk
C00528,90,5,7901.24,2,3,1,6,At Risk
C00529,88,7,70993.18,2,4,4,10,Loyal
C00530,46,6,17554.23,3,4,2,9,Potential
C00531,119,6,112456.01,1,4,5,10,Loyal
C00532,29,3,2603.94,4,1,1,6,At Risk
C00533,28,7,15408.0,4,4,2,10,Loyal
C00534,3,10,77786.03,5,5,4,14,VIP
C00535,13,4,12545.45,5,2,2,9,Potential
C00536,130,5,25827.34,1,3,2,6,At Risk
C00537,72,1,3227.0,2,1,1,4,Inactive
C00538,20,7,24536.629999999997,4,4,2,10,Loyal
C00539,38,4,7820.71,3,2,1,6,At Risk
C00540,22,8,19994.63,4,5,2,11,Loyal
C00541,214,5,108482.06,1,3,4,8,Potential
C00542,205,6,23517.09,1,4,2,7,Potential
C00543,72,5,13318.400000000001,2,3,2,7,Potential
C00544,43,3,67456.6,3,1,4,8,Potential
C00545,48,7,226765.15999999997,3,4,5,12,Loyal
C00546,61,5,17722.92,3,3,2,8,Potential
C00547,1,7,18801.05,5,4,2,11,Loyal
C00548,66,7,110349.62,3,4,4,11,Loyal
C00549,160,6,17784.31,1,4,2,7,Potential
C00550,14,4,38032.31,5,2,3,10,Loyal
C00551,13,4,90350.92,5,2,4,11,Loyal
C00552,1,5,313078.89,5,3,5,13,VIP
C00553,13,4,66296.09,5,2,4,11,Loyal
C00554,229,7,65494.51,1,4,4,9,Potential
C00555,12,5,36550.18,5,3,3,11,Loyal
C00556,18,4,12385.84,4,2,2,8,Potential
C00557,44,3,100436.8,3,1,4,8,Potential
C00558,63,11,202048.38,3,5,5,13,VIP
C00559,58,5,6981.29,3,3,1,7,Potential
C00560,64,5,14499.48,3,3,2,8,Potential
C00561,78,4,12757.65,2,2,2,6,At Risk
C00562,44,3,65745.62,3,1,4,8,Potential
C00563,115,5,16442.19,2,3,2,7,Potential
C00564,212,4,11263.619999999999,1,2,1,4,Inactive
C00565,177,5,71867.73,1,3,4,8,Potential
C00566,25,8,94901.89,4,5,4,13,VIP
C00567,39,5,44070.28,3,3,3,9,Potential
C00568,147,6,93394.82,1,4,4,9,Potential
C00569,7,9,24158.26,5,5,2,12,Loyal
C00570,22,6,23852.38,4,4,2,10,Loyal
C00571,82,3,115133.27,2,1,5,8,Potential
C00572,127,3,9641.61,1,1,1,3,Inactive
C00573,22,6,23265.12,4,4,2,10,Loyal
C00574,81,7,238424.88,2,4,5,11,Loyal
C00575,141,4,17547.37,1,2,2,5,At Risk
C00576,21,6,83815.5,4,4,4,12,Loyal
C00577,153,5,73156.36,1,3,4,8,Potential
C00578,43,8,257514.05,3,5,5,13,VIP
C00579,152,6,36636.31,1,4,3,8,Potential
C00580,37,6,278998.2,4,4,5,13,VIP
C00581,22,5,42971.880000000005,4,3,3,10,Loyal
C00582,10,7,283124.3,5,4,5,14,VIP
C00583,304,2,4266.41,1,1,1,3,Inactive
C00584,15,9,42299.58,5,5,3,13,VIP
C00585,119,6,182012.76,1,4,5,10,Loyal
C00586,48,6,222235.74,3,4,5,12,Loyal
C00587,22,7,95293.27,4,4,4,12,Loyal
C00588,114,7,188992.37,2,4,5,11,Loyal
C00589,1,6,64457.6,5,4,4,13,VIP
C00590,29,7,42031.2,4,4,3,11,Loyal
C00591,174,2,4466.7,1,1,1,3,Inactive
C00592,72,4,60098.33,2,2,4,8,Potential
C00593,215,5,103500.72,1,3,4,8,Potential
C00594,115,5,15231.08,2,3,2,7,Potential
C00595,42,4,253483.38,3,2,5,10,Loyal
C00596,146,4,31166.65,1,2,3,6,At Risk
C00597,8,6,57456.8,5,4,3,12,Loyal
C00598,123,7,13675.25,1,4,2,7,Potential
C00599,135,5,13628.53,1,3,2,6,At Risk
C00600,65,4,122298.25,3,2,5,10,Loyal
C00601,91,3,4823.52,2,1,1,4,Inactive
C00602,22,5,124325.27,4,3,5,12,Loyal
C00604,156,2,58816.55,1,1,3,5,At Risk
C00605,215,4,8606.8,1,2,1,4,Inactive
C00606,93,5,8449.78,2,3,1,6,At Risk
C00607,74,5,22440.14,2,3,2,7,Potential
C00608,58,3,8318.75,3,1,1,5,At Risk
C00609,344,1,867.71,1,1,1,3,Inactive
C00610,86,7,105951.04000000001,2,4,4,10,Loyal
C00611,84,6,58528.299999999996,2,4,3,9,Potential
C00612,6,13,122127.74,5,5,5,15,VIP
C00613,242,2,3423.91,1,1,1,3,Inactive
C00614,30,3,45274.54,4,1,3,8,Potential
C00615,78,4,169834.67,2,2,5,9,Potential
C00616,148,3,9879.18,1,1,1,3,Inactive
C00617,251,5,17722.06,1,3,2,6,At Risk
C00618,2,3,118021.54000000001,5,1,5,11,Loyal
C00619,88,4,18105.0,2,2,2,6,At Risk
C00620,39,13,148483.18,3,5,5,13,VIP
C00621,122,8,282329.12,1,5,5,11,Loyal
C00622,94,2,78711.64,2,1,4,7,Potential
C00623,63,6,28919.38,3,4,3,10,Loyal
C00624,26,7,223192.03,4,4,5,13,VIP
C00625,93,5,71214.6,2,3,4,9,Potential
C00626,100,11,41514.91,2,5,3,10,Loyal
C00627,24,8,36583.01,4,5,3,12,Loyal
C00628,82,5,23102.19,2,3,2,7,Potential
C00629,179,2,26753.31,1,1,3,5,At Risk
C00630,49,6,22216.53,3,4,2,9,Potential
C00631,83,2,36252.65,2,1,3,6,At Risk
C00632,77,4,72905.07,2,2,4,8,Potential
C00633,78,4,17848.14,2,2,2,6,At Risk
C00634,85,7,125832.83,2,4,5,11,Loyal
C00635,226,2,11069.39,1,1,1,3,Inactive
C00636,26,5,114483.33,4,3,5,12,Loyal
C00637,53,2,3876.08,3,1,1,5,At Risk
C00638,41,4,18489.879999999997,3,2,2,7,Potential
C00639,36,10,163895.19,4,5,5,14,VIP
C00640,61,9,141139.41,3,5,5,13,VIP
C00641,16,5,262003.42,5,3,5,13,VIP
C00642,18,2,6497.4,4,1,1,6,At Risk
C00643,23,7,63974.2,4,4,4,12,Loyal
C00644,29,9,38549.51,4,5,3,12,Loyal
C00645,75,3,9685.01,2,1,1,4,Inactive
C00646,263,2,4107.23,1,1,1,3,Inactive
C00647,6,4,124210.11,5,2,5,12,Loyal
C00648,174,6,33707.87,1,4,3,8,Potential
C00649,16,3,6801.03,5,1,1,7,Potential
C00650,5,5,30819.03,5,3,3,11,Loyal
C00651,37,4,8530.08,4,2,1,7,Potential
C00652,111,2,18314.42,2,1,2,5,At Risk
C00653,84,4,103681.83,2,2,4,8,Potential
C00654,56,7,184121.74,3,4,5,12,Loyal
C00655,176,3,11667.2,1,1,1,3,Inactive
C00656,161,4,44485.16,1,2,3,6,At Risk
C00657,96,2,3977.82,2,1,1,4,Inactive
C00658,43,2,6297.37,3,1,1,5,At Risk
C00659,31,4,6443.62,4,2,1,7,Potential
C00660,11,5,186058.65,5,3,5,13,VIP
C00661,77,4,103268.93000000001,2,2,4,8,Potential
C00662,2,4,19140.67,5,2,2,9,Potential
C00663,233,3,13045.130000000001,1,1,2,4,Inactive
C00664,53,6,28231.74,3,4,3,10,Loyal
C00665,99,7,76530.43,2,4,4,10,Loyal
C00666,130,5,73911.83,1,3,4,8,Potential
C00667,96,4,135599.38999999998,2,2,5,9,Potential
C00668,136,3,8830.15,1,1,1,3,Inactive
C00669,69,4,17030.39,2,2,2,6,At Risk
C00670,29,2,3734.86,4,1,1,6,At Risk
C00671,48,4,69790.55,3,2,4,9,Potential
C00672,158,6,57584.44,1,4,3,8,Potential
C00673,53,3,4192.75,3,1,1,5,At Risk
C00674,96,2,8571.64,2,1,1,4,Inactive
C00675,99,2,7454.27,2,1,1,4,Inactive
C00676,57,8,176701.34,3,5,5,13,VIP
C00677,95,7,34833.06,2,4,3,9,Potential
C00678,18,5,108920.16,4,3,4,11,Loyal
C00679,226,4,118478.63,1,2,5,8,Potential
C00680,22,6,279927.63,4,4,5,13,VIP
C00681,7,5,9540.48,5,3,1,9,Potential
C00682,19,7,142126.55,4,4,5,13,VIP
C00683,90,5,101119.31,2,3,4,9,Potential
C00684,22,6,53951.79,4,4,3,11,Loyal
C00685,25,4,19053.08,4,2,2,8,Potential
C00687,145,4,66821.93,1,2,4,7,Potential
C00688,61,1,722.58,3,1,1,5,At Risk
C00689,358,1,676.94,1,1,1,3,Inactive
C00690,2,5,82870.84999999999,5,3,4,12,Loyal
C00691,22,8,177153.1,4,5,5,14,VIP
C00693,194,3,13616.650000000001,1,1,2,4,Inactive
C00694,24,6,44669.81,4,4,3,11,Loyal
C00695,43,2,2202.32,3,1,1,5,At Risk
C00696,102,9,134047.98,2,5,5,12,Loyal
C00697,349,1,3001.1,1,1,1,3,Inactive
C00698,11,9,173669.5,5,5,5,15,VIP
C00699,66,2,3174.86,3,1,1,5,At Risk
C00700,72,7,51145.6,2,4,3,9,Potential
C00701,138,6,39100.41,1,4,3,8,Potential
C00702,20,6,75149.47,4,4,4,12,Loyal
C00703,14,8,77258.19,5,5,4,14,VIP
C00704,56,4,95670.19,3,2,4,9,Potential
C00705,85,7,132847.36,2,4,5,11,Loyal
C00706,364,1,1267.52,1,1,1,3,Inactive
C00707,43,6,123911.43000000001,3,4,5,12,Loyal
C00708,57,6,224142.37,3,4,5,12,Loyal
C00709,39,9,205252.13,3,5,5,13,VIP
C00710,46,5,83007.12,3,3,4,10,Loyal
C00711,166,4,21436.28,1,2,2,5,At Risk
C00712,40,6,147247.51,3,4,5,12,Loyal
C00713,71,3,192757.52,2,1,5,8,Potential
C00714,107,1,26310.07,2,1,3,6,At Risk
C00715,86,4,86685.42000000001,2,2,4,8,Potential
C00716,324,2,59034.560000000005,1,1,3,5,At Risk
C00717,91,2,4494.37,2,1,1,4,Inactive
C00718,77,3,12662.5,2,1,2,5,At Risk
C00719,139,5,78944.69,1,3,4,8,Potential
C00720,129,6,47194.25,1,4,3,8,Potential
C00721,81,3,10558.91,2,1,1,4,Inactive
C00722,97,3,8772.32,2,1,1,4,Inactive
C00723,28,8,60864.59,4,5,4,13,VIP
C00724,9,6,105307.89,5,4,4,13,VIP
C00725,43,13,110860.97,3,5,5,13,VIP
C00726,9,7,29298.77,5,4,3,12,Loyal
C00727,127,5,7904.42,1,3,1,5,At Risk
C00728,186,3,6885.33,1,1,1,3,Inactive
C00729,59,6,26852.679999999997,3,4,3,10,Loyal
C00730,120,4,57708.0,1,2,3,6,At Risk
C00731,11,7,22558.79,5,4,2,11,Loyal
C00732,9,6,21840.59,5,4,2,11,Loyal
C00733,47,4,137150.08,3,2,5,10,Loyal
C00734,56,3,16111.64,3,1,2,6,At Risk
C00735,203,7,148889.16999999998,1,4,5,10,Loyal
C00736,94,10,206261.71,2,5,5,12,Loyal
C00737,148,6,43685.19,1,4,3,8,Potential
C00738,66,3,64528.52,3,1,4,8,Potential
C00739,34,10,145082.55,4,5,5,14,VIP
C00740,31,6,10198.45,4,4,1,9,Potential
C00741,109,2,8281.32,2,1,1,4,Inactive
C00743,62,6,125803.95,3,4,5,12,Loyal
C00744,80,4,8446.83,2,2,1,5,At Risk
C00745,30,5,16525.71,4,3,2,9,Potential
C00746,83,5,39271.36,2,3,3,8,Potential
C00747,27,4,8040.1,4,2,1,7,Potential
C00748,28,8,282639.55,4,5,5,14,VIP
C00749,250,4,21550.940000000002,1,2,2,5,At Risk
C00750,41,5,38298.64,3,3,3,9,Potential
C00751,189,8,50493.21000000001,1,5,3,9,Potential
C00752,39,4,33574.2,3,2,3,8,Potential
C00753,4,4,7610.66,5,2,1,8,Potential
C00754,4,6,44432.950000000004,5,4,3,12,Loyal
C00755,42,4,10500.89,3,2,1,6,At Risk
C00756,7,3,53223.170000000006,5,1,3,9,Potential
C00757,111,4,181403.04,2,2,5,9,Potential
C00758,194,3,28324.239999999998,1,1,3,5,At Risk
C00759,149,1,788.15,1,1,1,3,Inactive
C00760,18,3,62075.520000000004,4,1,4,9,Potential
C00761,45,7,97162.73,3,4,4,11,Loyal
C00762,156,4,71049.73000000001,1,2,4,7,Potential
C00763,72,4,72989.92,2,2,4,8,Potential
C00764,52,9,127207.5,3,5,5,13,VIP
C00765,25,3,58157.87,4,1,3,8,Potential
C00766,82,5,20769.300000000003,2,3,2,7,Potential
C00767,50,6,18835.37,3,4,2,9,Potential
C00768,86,6,76940.72,2,4,4,10,Loyal
C00769,7,6,70402.09,5,4,4,13,VIP
C00770,278,5,9538.19,1,3,1,5,At Risk
C00771,59,3,178601.71000000002,3,1,5,9,Potential
C00772,144,4,18538.63,1,2,2,5,At Risk
C00773,174,2,23140.67,1,1,2,4,Inactive
C00774,117,4,13303.33,2,2,2,6,At Risk
C00775,16,5,24747.550000000003,5,3,2,10,Loyal
C00776,181,5,180390.09,1,3,5,9,Potential
C00777,52,5,35685.39,3,3,3,9,Potential
C00778,27,6,26930.78,4,4,3,11,Loyal
C00779,14,5,72758.53,5,3,4,12,Loyal
C00780,52,4,129633.19,3,2,5,10,Loyal
C00781,20,6,22363.74,4,4,2,10,Loyal
C00782,131,6,162942.56,1,4,5,10,Loyal
C00783,141,9,37305.94,1,5,3,9,Potential
C00784,24,4,6722.0599999999995,4,2,1,7,Potential
C00785,62,6,139179.15,3,4,5,12,Loyal
C00786,65,2,4670.83,3,1,1,5,At Risk
C00787,27,9,159589.13,4,5,5,14,VIP
C00788,39,6,31011.809999999998,3,4,3,10,Loyal
C00789,30,7,75355.94,4,4,4,12,Loyal
C00790,14,3,23483.860000000004,5,1,2,8,Potential
C00791,46,3,12853.98,3,1,2,6,At Risk
C00792,50,8,51123.77,3,5,3,11,Loyal
C00793,28,6,22940.09,4,4,2,10,Loyal
C00794,37,5,13417.43,4,3,2,9,Potential
C00796,134,8,70071.4,1,5,4,10,Loyal
C00797,274,3,14274.02,1,1,2,4,Inactive
C00798,27,5,10388.43,4,3,1,8,Potential
C00799,107,3,17521.81,2,1,2,5,At Risk
C00800,11,8,61183.58,5,5,4,14,VIP
C00801,33,9,91754.36,4,5,4,13,VIP
C00802,2,5,21948.02,5,3,2,10,Loyal
C00803,74,5,129844.27,2,3,5,10,Loyal
C00804,43,5,129881.68,3,3,5,11,Loyal
C00805,44,4,74634.58,3,2,4,9,Potential
C00806,150,6,49323.76,1,4,3,8,Potential
C00807,139,3,10399.66,1,1,1,3,Inactive
C00808,52,4,104642.51999999999,3,2,4,9,Potential
C00809,105,6,16799.61,2,4,2,8,Potential
C00810,23,7,20491.74,4,4,2,10,Loyal
C00811,5,5,66527.73,5,3,4,12,Loyal
C00812,78,7,96144.74,2,4,4,10,Loyal
C00813,5,6,78273.6,5,4,4,13,VIP
C00814,12,8,72401.13,5,5,4,14,VIP
C00815,15,4,86837.51,5,2,4,11,Loyal
C00816,40,6,94343.79000000001,3,4,4,11,Loyal
C00818,6,6,69393.61,5,4,4,13,VIP
C00819,4,5,23431.47,5,3,2,10,Loyal
C00820,132,4,16692.38,1,2,2,5,At Risk
C00821,45,5,68837.70999999999,3,3,4,10,Loyal
C00822,33,3,15241.14,4,1,2,7,Potential
C00823,51,4,10527.39,3,2,1,6,At Risk
C00824,105,4,115728.76,2,2,5,9,Potential
C00825,90,6,22379.46,2,4,2,8,Potential
C00826,14,8,50179.36,5,5,3,13,VIP
C00827,10,6,20489.89,5,4,2,11,Loyal
C00828,24,7,14243.68,4,4,2,10,Loyal
C00829,133,3,9721.33,1,1,1,3,Inactive
C00830,157,8,79858.11,1,5,4,10,Loyal
C00831,57,1,112157.0,3,1,5,9,Potential
C00832,100,4,15184.22,2,2,2,6,At Risk
C00833,1,11,100770.45999999999,5,5,4,14,VIP
C00834,269,2,8225.08,1,1,1,3,Inactive
C00835,6,2,10805.94,5,1,1,7,Potential
C00836,41,5,10402.26,3,3,1,7,Potential
C00837,73,3,123047.97,2,1,5,8,Potential
C00838,62,8,29253.45,3,5,3,11,Loyal
C00839,64,5,37505.15,3,3,3,9,Potential
C00840,50,6,20743.53,3,4,2,9,Potential
C00841,6,5,18309.43,5,3,2,10,Loyal
C00842,148,3,125629.39,1,1,5,7,Potential
C00843,64,3,57739.89000000001,3,1,3,7,Potential
C00844,245,3,29448.75,1,1,3,5,At Risk
C00845,18,4,161125.07,4,2,5,11,Loyal
C00846,112,4,123340.64000000001,2,2,5,9,Potential
C00847,1,4,42790.29,5,2,3,10,Loyal
C00848,37,6,40534.68,4,4,3,11,Loyal
C00849,35,5,18388.26,4,3,2,9,Potential
C00850,47,7,133965.49,3,4,5,12,Loyal
C00851,63,8,175315.37,3,5,5,13,VIP
C00852,80,4,145606.91,2,2,5,9,Potential
C00853,3,5,22117.059999999998,5,3,2,10,Loyal
C00854,107,3,9907.53,2,1,1,4,Inactive
C00855,36,5,15637.369999999999,4,3,2,9,Potential
C00856,62,4,9447.56,3,2,1,6,At Risk
C00857,72,2,7603.41,2,1,1,4,Inactive
C00858,42,7,72686.39,3,4,4,11,Loyal
C00859,17,6,91216.79,4,4,4,12,Loyal
C00860,26,1,6384.08,4,1,1,6,At Risk
C00861,118,7,125493.38,2,4,5,11,Loyal
C00862,320,2,3052.53,1,1,1,3,Inactive
C00863,3,6,52964.3,5,4,3,12,Loyal
C00864,42,4,20726.34,3,2,2,7,Potential
C00865,103,1,8386.42,2,1,1,4,Inactive
C00866,59,1,111535.89,3,1,5,9,Potential
C00867,73,3,138220.07,2,1,5,8,Potential
C00868,160,2,3642.73,1,1,1,3,Inactive
C00869,13,4,15998.350000000002,5,2,2,9,Potential
C00870,264,2,2020.31,1,1,1,3,Inactive
C00871,43,4,36017.87,3,2,3,8,Potential
C00872,34,6,39751.07,4,4,3,11,Loyal
C00873,46,5,10363.14,3,3,1,7,Potential
C00874,119,5,118697.28,1,3,5,9,Potential
C00875,10,6,13443.75,5,4,2,11,Loyal
C00876,79,6,49026.03,2,4,3,9,Potential
C00877,26,7,23489.97,4,4,2,10,Loyal
C00878,8,4,38877.97,5,2,3,10,Loyal
C00879,1,7,36447.92,5,4,3,12,Loyal
C00880,208,3,94771.4,1,1,4,6,At Risk
C00881,41,10,87632.5,3,5,4,12,Loyal
C00882,50,3,143450.04,3,1,5,9,Potential
C00883,84,4,67609.05,2,2,4,8,Potential
C00884,44,7,82551.83,3,4,4,11,Loyal
C00885,28,6,143977.46000000002,4,4,5,13,VIP
C00886,68,5,221447.99,2,3,5,10,Loyal
C00887,92,6,72046.99,2,4,4,10,Loyal
C00888,57,4,45096.66,3,2,3,8,Potential
C00889,51,6,193503.91999999998,3,4,5,12,Loyal
C00890,64,3,34574.44,3,1,3,7,Potential
C00891,101,6,58370.54,2,4,3,9,Potential
C00892,90,4,8070.77,2,2,1,5,At Risk
C00893,214,1,817.87,1,1,1,3,Inactive
C00894,164,3,34225.08,1,1,3,5,At Risk
C00895,40,5,38987.47,3,3,3,9,Potential
C00896,18,6,142895.11,4,4,5,13,VIP
C00897,29,3,28445.95,4,1,3,8,Potential
C00898,9,6,38913.63,5,4,3,12,Loyal
C00899,65,6,230469.97999999998,3,4,5,12,Loyal
C00900,43,3,17774.239999999998,3,1,2,6,At Risk
C00901,132,7,21406.170000000002,1,4,2,7,Potential
C00902,95,5,40212.79,2,3,3,8,Potential
C00903,23,6,77242.06,4,4,4,12,Loyal
C00904,5,8,32325.29,5,5,3,13,VIP
C00905,98,5,6873.23,2,3,1,6,At Risk
C00906,102,7,21973.31,2,4,2,8,Potential
C00907,77,3,6816.22,2,1,1,4,Inactive
C00908,17,7,186805.0,4,4,5,13,VIP
C00909,355,1,1889.14,1,1,1,3,Inactive
C00910,4,9,58889.909999999996,5,5,3,13,VIP
C00911,177,5,111125.76000000001,1,3,5,9,Potential
C00912,106,7,73058.85,2,4,4,10,Loyal
C00913,49,6,66532.1,3,4,4,11,Loyal
C00914,3,6,14986.49,5,4,2,11,Loyal
C00915,67,2,12983.529999999999,3,1,2,6,At Risk
C00916,8,8,114003.39,5,5,5,15,VIP
C00917,76,8,102961.05,2,5,4,11,Loyal
C00918,227,2,5978.969999999999,1,1,1,3,Inactive
C00919,3,3,27675.05,5,1,3,9,Potential
C00920,95,5,22663.460000000003,2,3,2,7,Potential
C00921,171,4,70352.86,1,2,4,7,Potential
C00922,126,3,6759.950000000001,1,1,1,3,Inactive
C00923,55,4,31940.819999999996,3,2,3,8,Potential
C00924,57,2,25061.89,3,1,2,6,At Risk
C00925,101,7,49888.44,2,4,3,9,Potential
C00926,197,3,4651.87,1,1,1,3,Inactive
C00927,3,4,60815.97,5,2,4,11,Loyal
C00928,122,6,51122.35,1,4,3,8,Potential
C00929,54,6,226050.58000000002,3,4,5,12,Loyal
C00930,84,2,1568.79,2,1,1,4,Inactive
C00931,224,5,34975.47,1,3,3,7,Potential
C00932,2,2,5549.219999999999,5,1,1,7,Potential
C00933,106,2,4578.7699999999995,2,1,1,4,Inactive
C00934,11,7,41402.05,5,4,3,12,Loyal
C00935,37,6,198456.44,4,4,5,13,VIP
C00936,78,4,90114.29000000001,2,2,4,8,Potential
C00937,20,5,104690.01999999999,4,3,4,11,Loyal
C00938,352,1,3199.28,1,1,1,3,Inactive
C00939,80,2,27284.17,2,1,3,6,At Risk
C00940,87,5,112837.13,2,3,5,10,Loyal
C00941,257,2,4435.280000000001,1,1,1,3,Inactive
C00942,3,9,138784.63,5,5,5,15,VIP
C00943,10,6,22717.66,5,4,2,11,Loyal
C00944,63,5,123546.84,3,3,5,11,Loyal
C00945,51,6,65551.91,3,4,4,11,Loyal
C00946,106,6,17794.69,2,4,2,8,Potential
C00947,10,6,57789.54,5,4,3,12,Loyal
C00948,8,6,24712.48,5,4,2,11,Loyal
C00949,7,6,13268.99,5,4,2,11,Loyal
C00950,70,11,43363.04,2,5,3,10,Loyal
C00951,191,2,4015.6899999999996,1,1,1,3,Inactive
C00952,35,2,7991.2300000000005,4,1,1,6,At Risk
C00953,240,2,56448.35,1,1,3,5,At Risk
C00954,18,7,36550.07,4,4,3,11,Loyal
C00955,157,4,10952.36,1,2,1,4,Inactive
C00956,12,7,45353.6,5,4,3,12,Loyal
C00957,21,6,42003.12,4,4,3,11,Loyal
C00958,13,3,8228.44,5,1,1,7,Potential
C00959,34,11,38690.74,4,5,3,12,Loyal
C00960,100,5,7617.16,2,3,1,6,At Risk
C00961,23,4,13609.66,4,2,2,8,Potential
C00962,17,5,14266.14,4,3,2,9,Potential
C00963,56,2,8103.780000000001,3,1,1,5,At Risk
C00964,18,4,4134.84,4,2,1,7,Potential
C00965,175,3,18125.05,1,1,2,4,Inactive
C00966,20,5,124875.59,4,3,5,12,Loyal
C00967,15,6,24198.15,5,4,2,11,Loyal
C00968,12,3,35127.22,5,1,3,9,Potential
C00969,99,6,33762.32,2,4,3,9,Potential
C00970,96,7,14598.41,2,4,2,8,Potential
C00971,38,5,35760.09,3,3,3,9,Potential
C00973,35,7,68793.85,4,4,4,12,Loyal
C00974,153,4,17539.25,1,2,2,5,At Risk
C00975,47,7,21596.79,3,4,2,9,Potential
C00976,166,6,22563.1,1,4,2,7,Potential
C00977,220,4,30262.47,1,2,3,6,At Risk
C00978,86,8,159408.47,2,5,5,12,Loyal
C00979,4,4,10922.1,5,2,1,8,Potential
C00980,108,4,73997.65,2,2,4,8,Potential
C00981,14,3,7868.31,5,1,1,7,Potential
C00982,140,3,16855.420000000002,1,1,2,4,Inactive
C00983,249,3,8478.46,1,1,1,3,Inactive
C00984,76,8,62657.22,2,5,4,11,Loyal
C00985,339,1,844.96,1,1,1,3,Inactive
C00986,69,6,6505.98,2,4,1,7,Potential
C00987,68,7,138974.84,2,4,5,11,Loyal
C00988,23,6,102650.27,4,4,4,12,Loyal
C00989,158,3,11271.119999999999,1,1,1,3,Inactive
C00990,266,2,17574.99,1,1,2,4,Inactive
C00991,111,5,268800.47,2,3,5,10,Loyal
C00992,36,9,252125.86,4,5,5,14,VIP
C00993,9,7,21297.86,5,4,2,11,Loyal
C00994,167,6,202684.75999999998,1,4,5,10,Loyal
C00995,5,6,58714.53,5,4,3,12,Loyal
C00996,101,3,6906.09,2,1,1,4,Inactive
C00997,228,1,940.62,1,1,1,3,Inactive
C00998,31,8,78977.31,4,5,4,13,VIP
C00999,79,4,16764.74,2,2,2,6,At Risk
C01000,22,7,27258.769999999997,4,4,3,11,Loyal
C01001,22,4,17059.6,4,2,2,8,Potential
C01002,197,2,37428.73,1,1,3,5,At Risk
C01003,48,5,142753.3,3,3,5,11,Loyal
C01004,130,3,4926.1,1,1,1,3,Inactive
C01005,30,6,43707.37,4,4,3,11,Loyal
C01006,11,5,24836.64,5,3,2,10,Loyal
C01007,17,5,33945.62,4,3,3,10,Loyal
C01008,110,4,7200.79,2,2,1,5,At Risk
C01009,166,2,3501.75,1,1,1,3,Inactive
C01010,19,7,285427.51999999996,4,4,5,13,VIP
C01011,21,3,9235.2,4,1,1,6,At Risk
C01012,63,6,87630.63,3,4,4,11,Loyal
C01013,8,5,35955.09,5,3,3,11,Loyal
C01014,133,2,3490.3599999999997,1,1,1,3,Inactive
C01015,41,7,167852.2,3,4,5,12,Loyal
C01016,32,7,215703.36,4,4,5,13,VIP
C01017,102,6,77855.16,2,4,4,10,Loyal
C01018,194,5,64329.55,1,3,4,8,Potential
C01019,110,7,150481.55,2,4,5,11,Loyal
C01020,31,4,11684.84,4,2,1,7,Potential
C01021,51,6,142674.48,3,4,5,12,Loyal
C01022,35,5,24321.9,4,3,2,9,Potential
C01023,2,3,40484.579999999994,5,1,3,9,Potential
C01024,56,7,20188.86,3,4,2,9,Potential
C01025,79,6,53833.12,2,4,3,9,Potential
C01026,7,8,81018.95,5,5,4,14,VIP
C01027,3,5,21509.54,5,3,2,10,Loyal
C01028,113,4,187462.26,2,2,5,9,Potential
C01029,41,2,1406.68,3,1,1,5,At Risk
C01030,83,5,66229.01000000001,2,3,4,9,Potential
C01031,10,6,27704.93,5,4,3,12,Loyal
C01032,177,7,22919.37,1,4,2,7,Potential
C01033,29,6,45194.75,4,4,3,11,Loyal
C01034,24,5,37705.65,4,3,3,10,Loyal
C01035,18,8,100985.98,4,5,4,13,VIP
C01036,119,5,14123.220000000001,1,3,2,6,At Risk
C01037,75,4,18968.379999999997,2,2,2,6,At Risk
C01038,46,3,10060.720000000001,3,1,1,5,At Risk
C01039,12,5,229719.99000000002,5,3,5,13,VIP
C01040,3,4,53778.54,5,2,3,10,Loyal
C01041,15,5,5104.65,5,3,1,9,Potential
C01042,75,5,131151.63,2,3,5,10,Loyal
C01043,98,7,31874.809999999998,2,4,3,9,Potential
C01044,97,5,35518.17,2,3,3,8,Potential
C01045,14,5,61124.84,5,3,4,12,Loyal
C01046,31,7,142466.62,4,4,5,13,VIP
C01047,7,5,65857.84,5,3,4,12,Loyal
C01048,35,4,7345.67,4,2,1,7,Potential
C01049,19,3,118241.88,4,1,5,10,Loyal
C01050,3,4,5543.820000000001,5,2,1,8,Potential
C01051,71,6,41063.07,2,4,3,9,Potential
C01052,94,4,17666.47,2,2,2,6,At Risk
C01053,3,5,26033.059999999998,5,3,3,11,Loyal
C01054,6,6,15193.779999999999,5,4,2,11,Loyal
C01055,9,3,33524.06,5,1,3,9,Potential
C01056,17,5,12557.189999999999,4,3,2,9,Potential
C01057,57,4,52787.54,3,2,3,8,Potential
C01058,51,7,42873.42,3,4,3,10,Loyal
C01059,22,6,18483.57,4,4,2,10,Loyal
C01060,27,4,179080.87000000002,4,2,5,11,Loyal
C01061,13,4,48007.770000000004,5,2,3,10,Loyal
C01062,75,3,130085.20999999999,2,1,5,8,Potential
C01063,191,2,133648.72,1,1,5,7,Potential
C01064,116,4,7462.9400000000005,2,2,1,5,At Risk
C01065,50,7,51662.95,3,4,3,10,Loyal
C01066,174,8,108629.98,1,5,4,10,Loyal
C01067,45,3,49507.37,3,1,3,7,Potential
C01068,12,3,69596.79000000001,5,1,4,10,Loyal
C01069,128,3,7809.719999999999,1,1,1,3,Inactive
C01070,25,6,17664.35,4,4,2,10,Loyal
C01071,5,4,16564.879999999997,5,2,2,9,Potential
C01072,3,8,98109.86,5,5,4,14,VIP
C01073,77,4,11108.59,2,2,1,5,At Risk
C01074,16,6,239415.16999999998,5,4,5,14,VIP
C01075,26,6,12060.59,4,4,2,10,Loyal
C01076,8,6,51804.03,5,4,3,12,Loyal
C01077,162,2,3056.2,1,1,1,3,Inactive
C01078,54,4,49303.89,3,2,3,8,Potential
C01079,51,2,49887.69,3,1,3,7,Potential
C01080,133,1,1638.01,1,1,1,3,Inactive
C01081,60,6,97164.97,3,4,4,11,Loyal
C01082,58,5,27286.120000000003,3,3,3,9,Potential
C01083,139,4,38141.3,1,2,3,6,At Risk
C01084,168,4,32408.02,1,2,3,6,At Risk
C01085,87,2,6671.9400000000005,2,1,1,4,Inactive
C01086,142,1,52956.1,1,1,3,5,At Risk
C01087,22,3,6328.5,4,1,1,6,At Risk
C01088,83,6,31974.5,2,4,3,9,Potential
C01089,117,5,95284.47,2,3,4,9,Potential
C01090,183,4,84392.71,1,2,4,7,Potential
C01091,121,5,55463.14,1,3,3,7,Potential
C01092,6,6,11481.369999999999,5,4,1,10,Loyal
C01093,48,4,20255.66,3,2,2,7,Potential
C01094,31,7,17568.49,4,4,2,10,Loyal
C01095,81,2,10027.050000000001,2,1,1,4,Inactive
C01096,53,5,70057.23,3,3,4,10,Loyal
C01097,57,8,21578.34,3,5,2,10,Loyal
C01098,207,4,16411.52,1,2,2,5,At Risk
C01099,11,10,73742.57,5,5,4,14,VIP
C01100,51,3,5091.13,3,1,1,5,At Risk
C01101,124,4,13862.869999999999,1,2,2,5,At Risk
C01102,183,5,131448.94999999998,1,3,5,9,Potential
C01103,68,3,66310.01,2,1,4,7,Potential
C01104,65,10,113975.86,3,5,5,13,VIP
C01105,22,6,37323.409999999996,4,4,3,11,Loyal
C01106,58,5,61870.009999999995,3,3,4,10,Loyal
C01107,3,7,175688.57,5,4,5,14,VIP
C01108,12,6,102288.48999999999,5,4,4,13,VIP
C01109,28,5,125785.45999999999,4,3,5,12,Loyal
C01110,110,7,86479.87,2,4,4,10,Loyal
C01111,47,5,92536.39,3,3,4,10,Loyal
C01112,60,5,142140.80000000002,3,3,5,11,Loyal
C01113,32,5,22697.579999999998,4,3,2,9,Potential
C01114,39,4,65964.31,3,2,4,9,Potential
C01115,294,1,502.85,1,1,1,3,Inactive
C01116,194,3,7793.68,1,1,1,3,Inactive
C01117,59,4,8039.36,3,2,1,6,At Risk
C01118,122,4,41072.72,1,2,3,6,At Risk
C01119,14,4,127450.98,5,2,5,12,Loyal
C01120,51,4,34700.299999999996,3,2,3,8,Potential
C01121,33,7,38097.43,4,4,3,11,Loyal
C01122,3,2,5916.09,5,1,1,7,Potential
C01123,39,7,18028.44,3,4,2,9,Potential
C01124,16,7,33113.16,5,4,3,12,Loyal
C01125,36,5,121124.94,4,3,5,12,Loyal
C01126,70,6,16919.760000000002,2,4,2,8,Potential
C01127,221,5,10697.74,1,3,1,5,At Risk
C01128,105,6,186054.81,2,4,5,11,Loyal
C01129,260,2,6777.120000000001,1,1,1,3,Inactive
C01130,31,9,256317.36000000002,4,5,5,14,VIP
C01131,90,2,45762.92,2,1,3,6,At Risk
C01132,148,3,54600.81999999999,1,1,3,5,At Risk
C01133,38,6,76487.59,3,4,4,11,Loyal
C01134,48,5,190054.44,3,3,5,11,Loyal
C01135,13,5,24379.41,5,3,2,10,Loyal
C01136,64,6,69937.48000000001,3,4,4,11,Loyal
C01137,40,6,47535.57,3,4,3,10,Loyal
C01138,161,4,38440.659999999996,1,2,3,6,At Risk
C01139,9,6,171018.11000000002,5,4,5,14,VIP
C01140,13,3,158465.41999999998,5,1,5,11,Loyal
C01141,204,2,5813.969999999999,1,1,1,3,Inactive
C01142,51,6,78561.24,3,4,4,11,Loyal
C01143,206,3,6061.64,1,1,1,3,Inactive
C01144,71,3,11749.630000000001,2,1,1,4,Inactive
C01145,36,9,131753.19,4,5,5,14,VIP
C01146,105,5,42334.909999999996,2,3,3,8,Potential
C01147,105,5,19298.09,2,3,2,7,Potential
C01148,61,5,172787.91,3,3,5,11,Loyal
C01149,173,7,74491.2,1,4,4,9,Potential
C01150,7,6,190605.2,5,4,5,14,VIP
C01151,131,2,6822.1,1,1,1,3,Inactive
C01152,14,5,63162.42,5,3,4,12,Loyal
C01153,22,5,159288.38,4,3,5,12,Loyal
C01154,71,5,14287.96,2,3,2,7,Potential
C01155,72,5,17537.86,2,3,2,7,Potential
C01156,38,4,431755.3,3,2,5,10,Loyal
C01157,23,4,20596.2,4,2,2,8,Potential
C01158,29,2,4832.99,4,1,1,6,At Risk
C01159,13,3,26736.100000000002,5,1,3,9,Potential
C01160,11,5,13945.8,5,3,2,10,Loyal
C01161,65,1,433.78,3,1,1,5,At Risk
C01162,29,5,130689.89,4,3,5,12,Loyal
C01163,28,8,88266.93,4,5,4,13,VIP
C01164,11,4,47912.310000000005,5,2,3,10,Loyal
C01165,3,3,122431.78,5,1,5,11,Loyal
C01166,53,2,102286.0,3,1,4,8,Potential
C01167,141,3,7028.469999999999,1,1,1,3,Inactive
C01168,229,3,6592.780000000001,1,1,1,3,Inactive
C01169,123,4,5276.75,1,2,1,4,Inactive
C01170,147,3,12222.02,1,1,2,4,Inactive
C01171,336,2,39393.5,1,1,3,5,At Risk
C01172,8,5,9114.99,5,3,1,9,Potential
C01173,51,3,8035.39,3,1,1,5,At Risk
C01174,110,2,11677.36,2,1,1,4,Inactive
C01175,13,5,13796.48,5,3,2,10,Loyal
C01176,195,2,2492.61,1,1,1,3,Inactive
C01177,174,4,10629.529999999999,1,2,1,4,Inactive
C01178,9,9,104750.17,5,5,4,14,VIP
C01179,75,4,46413.03,2,2,3,7,Potential
C01180,49,4,23990.65,3,2,2,7,Potential
C01181,3,12,545883.98,5,5,5,15,VIP
C01182,47,6,150507.96,3,4,5,12,Loyal
C01183,39,5,63671.5,3,3,4,10,Loyal
C01184,83,5,159835.54,2,3,5,10,Loyal
C01185,78,5,9653.32,2,3,1,6,At Risk
C01186,71,9,126442.52,2,5,5,12,Loyal
C01187,91,6,36318.55,2,4,3,9,Potential
C01188,8,11,27121.9,5,5,3,13,VIP
C01189,105,3,162936.54,2,1,5,8,Potential
C01190,48,6,14332.76,3,4,2,9,Potential
C01191,88,6,72345.08,2,4,4,10,Loyal
C01192,52,5,297913.11,3,3,5,11,Loyal
C01193,331,1,11316.66,1,1,1,3,Inactive
C01194,57,7,107937.32,3,4,4,11,Loyal
C01195,3,9,90167.58,5,5,4,14,VIP
C01196,65,5,15420.3,3,3,2,8,Potential
C01197,11,2,26467.95,5,1,3,9,Potential
C01198,9,6,84711.95,5,4,4,13,VIP
C01199,13,6,128552.86,5,4,5,14,VIP
C01200,186,3,229937.7,1,1,5,7,Potential
C01201,25,7,290043.74,4,4,5,13,VIP
C01202,27,1,6749.08,4,1,1,6,At Risk
C01203,249,4,64723.409999999996,1,2,4,7,Potential
C01204,151,1,6454.31,1,1,1,3,Inactive
C01205,9,10,244932.28,5,5,5,15,VIP
C01206,69,2,75451.19,2,1,4,7,Potential
C01207,25,5,9013.37,4,3,1,8,Potential
C01208,43,5,77769.79000000001,3,3,4,10,Loyal
C01209,48,5,9202.0,3,3,1,7,Potential
C01210,6,7,170473.19,5,4,5,14,VIP
C01211,129,6,115912.33,1,4,5,10,Loyal
C01212,47,8,89199.76000000001,3,5,4,12,Loyal
C01213,74,6,177729.87000000002,2,4,5,11,Loyal
C01214,30,4,11205.14,4,2,1,7,Potential
C01215,9,5,27798.86,5,3,3,11,Loyal
C01216,249,1,5491.95,1,1,1,3,Inactive
C01217,45,7,175447.09000000003,3,4,5,12,Loyal
C01218,138,4,75936.11,1,2,4,7,Potential
C01219,22,9,171184.12,4,5,5,14,VIP
C01220,14,5,33269.43,5,3,3,11,Loyal
C01221,81,6,18627.370000000003,2,4,2,8,Potential
C01222,6,6,49400.28,5,4,3,12,Loyal
C01223,16,3,11822.91,5,1,1,7,Potential
C01224,168,3,94200.62,1,1,4,6,At Risk
C01225,28,7,83864.29000000001,4,4,4,12,Loyal
C01226,130,4,22187.86,1,2,2,5,At Risk
C01227,93,10,204193.05,2,5,5,12,Loyal
C01228,73,3,72289.35,2,1,4,7,Potential
C01229,255,2,4077.24,1,1,1,3,Inactive
C01230,42,5,57439.17,3,3,3,9,Potential
C01231,98,3,58516.97,2,1,3,6,At Risk
C01232,71,6,18127.98,2,4,2,8,Potential
C01233,26,8,175341.55,4,5,5,14,VIP
C01234,7,9,42773.86,5,5,3,13,VIP
C01235,183,3,9748.2,1,1,1,3,Inactive
C01236,91,5,51256.68,2,3,3,8,Potential
C01237,9,2,3350.62,5,1,1,7,Potential
C01238,1,5,63520.7,5,3,4,12,Loyal
C01239,28,8,137211.05000000002,4,5,5,14,VIP
C01240,9,6,29425.829999999998,5,4,3,12,Loyal
C01241,7,6,86255.31,5,4,4,13,VIP
C01242,48,6,18499.14,3,4,2,9,Potential
C01243,21,8,81960.09,4,5,4,13,VIP
C01244,28,7,239616.66999999998,4,5,5,14,VIP
C01245,48,5,85995.92,3,3,4,10,Loyal
C01246,4,4,7550.18,5,2,1,8,Potential
C01247,146,4,14090.119999999999,1,2,2,5,At Risk
C01248,73,4,34702.05,2,2,3,7,Potential
C01249,113,6,50204.51,2,4,3,9,Potential
C01250,23,6,29940.75,4,4,3,11,Loyal
C01251,35,5,19463.47,4,3,2,9,Potential
C01252,64,7,69814.76,3,5,4,12,Loyal
C01253,141,1,2366.95,1,1,1,3,Inactive
C01254,15,6,55677.67999999999,5,4,3,12,Loyal
C01255,31,3,172492.55,4,1,5,10,Loyal
C01256,171,3,6191.04,1,1,1,3,Inactive
C01257,20,7,27640.23,4,5,3,12,Loyal
C01258,50,3,8545.81,3,1,1,5,At Risk
C01260,6,5,23099.710000000003,5,3,2,10,Loyal
C01261,14,2,109828.83,5,1,4,10,Loyal
C01262,220,3,8291.55,1,1,1,3,Inactive
C01263,87,5,65220.84,2,3,4,9,Potential
C01264,153,2,7552.17,1,1,1,3,Inactive
C01265,86,8,82761.76,2,5,4,11,Loyal
C01266,66,7,198794.50999999998,3,5,5,13,VIP
C01267,124,7,123683.37,1,5,5,11,Loyal
C01268,8,8,82631.26,5,5,4,14,VIP
C01269,5,7,11591.08,5,5,1,11,Loyal
C01270,19,5,21128.11,4,3,2,9,Potential
C01271,199,1,30539.09,1,1,3,5,At Risk
C01272,6,7,28408.66,5,5,3,13,VIP
C01273,19,7,44583.770000000004,4,5,3,12,Loyal
C01274,62,5,24430.22,3,3,2,8,Potential
C01275,26,3,33679.76,4,1,3,8,Potential
C01276,13,2,62242.880000000005,5,1,4,10,Loyal
C01277,124,3,12987.58,1,1,2,4,Inactive
C01278,60,4,42133.56,3,2,3,8,Potential
C01279,22,7,141979.61,4,5,5,14,VIP
C01280,48,8,125570.69,3,5,5,13,VIP
C01281,48,7,74173.56,3,5,4,12,Loyal
C01282,28,3,5097.84,4,1,1,6,At Risk
C01283,143,3,12169.99,1,1,2,4,Inactive
C01284,4,6,142513.05000000002,5,4,5,14,VIP
C01285,23,7,87931.58,4,5,4,13,VIP
C01286,64,3,21656.12,3,1,2,6,At Risk
C01287,92,4,27883.030000000002,2,2,3,7,Potential
C01288,248,5,224365.94,1,3,5,9,Potential
C01289,200,3,83716.9,1,1,4,6,At Risk
C01290,68,6,48387.619999999995,2,4,3,9,Potential
C01291,37,5,40888.78,3,3,3,9,Potential
C01292,80,8,37412.3,2,5,3,10,Loyal
C01293,8,3,116979.98000000001,5,1,5,11,Loyal
C01294,119,5,158326.87,1,3,5,9,Potential
C01295,3,10,29757.5,5,5,3,13,VIP
C01296,111,3,11167.06,2,1,1,4,Inactive
C01297,34,6,62133.4,4,4,4,12,Loyal
C01298,12,9,25898.69,5,5,2,12,Loyal
C01299,308,4,7727.87,1,2,1,4,Inactive
C01300,15,9,152878.08,5,5,5,15,VIP
C01301,34,6,34351.19,4,4,3,11,Loyal
C01302,90,4,74192.83,2,2,4,8,Potential
C01303,46,5,30844.010000000002,3,3,3,9,Potential
C01304,15,7,120787.86,5,5,5,15,VIP
C01305,53,8,63540.79,3,5,4,12,Loyal
C01306,64,5,78762.69,3,3,4,10,Loyal
C01307,64,6,81490.53,3,4,4,11,Loyal
C01308,29,9,69179.14,4,5,4,13,VIP
C01309,146,4,12539.560000000001,1,2,2,5,At Risk
C01310,94,2,2336.3900000000003,2,1,1,4,Inactive
C01311,14,4,9961.65,5,2,1,8,Potential
C01312,5,8,73426.54999999999,5,5,4,14,VIP
C01313,55,7,608816.54,3,5,5,13,VIP
C01314,54,6,23440.88,3,4,2,9,Potential
C01315,49,5,21790.91,3,3,2,8,Potential
C01316,65,6,55654.17,3,4,3,10,Loyal
C01317,102,8,269692.66,2,5,5,12,Loyal
C01318,38,10,80834.67,3,5,4,12,Loyal
C01319,93,5,10674.18,2,3,1,6,At Risk
C01320,113,2,13749.75,2,1,2,5,At Risk
C01321,22,8,22114.71,4,5,2,11,Loyal
C01322,82,2,2613.42,2,1,1,4,Inactive
C01323,15,4,32491.3,5,2,3,10,Loyal
C01324,6,7,98116.83,5,5,4,14,VIP
C01325,149,4,28163.47,1,2,3,6,At Risk
C01326,26,6,72523.69,4,4,4,12,Loyal
C01327,202,2,3199.69,1,1,1,3,Inactive
C01328,71,8,63056.78999999999,2,5,4,11,Loyal
C01329,108,3,8643.29,2,1,1,4,Inactive
C01330,66,3,13427.369999999999,3,1,2,6,At Risk
C01331,35,5,21648.059999999998,4,3,2,9,Potential
C01332,39,7,154979.18,3,5,5,13,VIP
C01333,94,2,2540.1099999999997,2,1,1,4,Inactive
C01334,13,6,83520.03,5,4,4,13,VIP
C01335,52,3,64475.43,3,1,4,8,Potential
C01336,37,5,46811.68,3,3,3,9,Potential
C01337,185,4,29795.62,1,2,3,6,At Risk
C01338,43,2,3194.7,3,1,1,5,At Risk
C01339,186,3,65148.17,1,1,4,6,At Risk
C01340,29,6,175282.83000000002,4,4,5,13,VIP
C01341,2,4,11927.01,5,2,1,8,Potential
C01342,78,2,23080.09,2,1,2,5,At Risk
C01343,67,4,9826.02,3,2,1,6,At Risk
C01344,60,5,18775.399999999998,3,3,2,8,Potential
C01345,165,1,6682.81,1,1,1,3,Inactive
C01346,6,5,59098.39,5,3,3,11,Loyal
C01347,58,5,115158.4,3,3,5,11,Loyal
C01348,11,2,15878.11,5,1,2,8,Potential
C01349,3,9,198926.53000000003,5,5,5,15,VIP
C01350,44,2,12675.07,3,1,2,6,At Risk
C01351,64,5,42404.62,3,3,3,9,Potential
C01352,38,5,203368.21,3,3,5,11,Loyal
C01353,75,3,3369.3599999999997,2,1,1,4,Inactive
C01354,30,4,258512.78,4,2,5,11,Loyal
C01355,33,6,163532.02,4,4,5,13,VIP
C01356,36,6,75544.52,4,4,4,12,Loyal
C01357,71,4,6743.73,2,2,1,5,At Risk
C01358,66,6,294053.23,3,4,5,12,Loyal
C01359,160,5,13973.33,1,3,2,6,At Risk
C01360,31,9,54552.66,4,5,3,12,Loyal
C01361,145,3,9556.279999999999,1,1,1,3,Inactive
C01362,90,6,36377.51,2,4,3,9,Potential
C01363,14,4,31296.089999999997,5,2,3,10,Loyal
C01364,7,4,21128.73,5,2,2,9,Potential
C01365,99,4,19319.83,2,2,2,6,At Risk
C01366,14,5,84753.68000000001,5,3,4,12,Loyal
C01367,47,5,32273.219999999998,3,3,3,9,Potential
C01368,5,4,8327.91,5,2,1,8,Potential
C01369,92,4,118460.73,2,2,5,9,Potential
C01370,81,2,7310.0599999999995,2,1,1,4,Inactive
C01371,7,3,9291.87,5,1,1,7,Potential
C01372,3,8,77692.66,5,5,4,14,VIP
C01373,75,6,34193.67,2,4,3,9,Potential
C01374,73,3,18126.73,2,1,2,5,At Risk
C01375,26,4,124362.46,4,2,5,11,Loyal
C01376,96,4,112794.68000000001,2,2,5,9,Potential
C01377,16,5,12689.1,5,3,2,10,Loyal
C01378,11,6,73944.70999999999,5,4,4,13,VIP
C01379,105,6,78939.65000000001,2,4,4,10,Loyal
C01380,11,7,99756.03,5,5,4,14,VIP
C01381,149,6,38203.04,1,4,3,8,Potential
C01382,10,7,14762.05,5,5,2,12,Loyal
C01383,57,5,9956.75,3,3,1,7,Potential
C01384,15,7,14143.039999999999,5,5,2,12,Loyal
C01385,49,6,81046.11,3,4,4,11,Loyal
C01386,45,7,19192.59,3,5,2,10,Loyal
C01387,48,8,152104.69,3,5,5,13,VIP
C01388,1,6,26013.51,5,4,3,12,Loyal
C01389,148,5,22747.54,1,3,2,6,At Risk
C01390,71,5,87915.06,2,3,4,9,Potential
C01391,2,4,117602.87000000001,5,2,5,12,Loyal
C01392,24,7,31882.31,4,5,3,12,Loyal
C01393,20,4,25524.68,4,2,2,8,Potential
C01394,36,8,364320.85,4,5,5,14,VIP
C01395,13,9,89038.79,5,5,4,14,VIP
C01396,12,4,287685.55,5,2,5,12,Loyal
C01397,28,6,56059.95,4,4,3,11,Loyal
C01398,5,5,80615.36,5,3,4,12,Loyal
C01399,86,5,75821.96,2,3,4,9,Potential
C01400,48,10,155566.93,3,5,5,13,VIP
C01401,125,3,10537.560000000001,1,1,1,3,Inactive
C01402,166,7,37782.909999999996,1,5,3,9,Potential
C01403,60,5,11591.59,3,3,1,7,Potential
C01404,93,4,13306.16,2,2,2,6,At Risk
C01405,99,2,3023.76,2,1,1,4,Inactive
C01406,37,6,73442.09,3,4,4,11,Loyal
C01407,50,6,31561.17,3,4,3,10,Loyal
C01408,125,3,17657.32,1,1,2,4,Inactive
C01409,6,4,81213.26,5,2,4,11,Loyal
C01410,8,8,188417.05,5,5,5,15,VIP
C01411,122,6,22212.08,1,4,2,7,Potential
C01412,9,3,30377.98,5,1,3,9,Potential
C01413,56,3,9408.45,3,1,1,5,At Risk
C01414,242,5,10792.78,1,3,1,5,At Risk
C01415,44,7,80497.98,3,5,4,12,Loyal
C01416,95,7,233169.15,2,5,5,12,Loyal
C01417,120,6,74862.69,1,4,4,9,Potential
C01418,41,9,303175.1,3,5,5,13,VIP
C01419,47,6,102876.24,3,4,4,11,Loyal
C01420,14,6,97162.75,5,4,4,13,VIP
C01421,1,2,19357.780000000002,5,1,2,8,Potential
C01422,325,3,49582.47,1,1,3,5,At Risk
C01423,44,6,106613.69,3,4,4,11,Loyal
C01424,23,7,105436.5,4,5,4,13,VIP
C01425,206,5,32787.16,1,3,3,7,Potential
C01426,23,6,22728.760000000002,4,4,2,10,Loyal
C01427,19,7,40328.59,4,5,3,12,Loyal
C01428,21,4,77334.93,4,2,4,10,Loyal
C01429,290,2,3366.82,1,1,1,3,Inactive
C01430,121,4,65606.93,1,2,4,7,Potential
C01431,185,3,16016.45,1,1,2,4,Inactive
C01432,37,3,15829.41,3,1,2,6,At Risk
C01433,98,3,43529.83,2,1,3,6,At Risk
C01434,4,7,93689.25,5,5,4,14,VIP
C01435,19,7,140041.66999999998,4,5,5,14,VIP
C01436,82,3,7710.42,2,1,1,4,Inactive
C01437,12,8,402227.95,5,5,5,15,VIP
C01438,5,4,8215.21,5,2,1,8,Potential
C01439,56,3,8573.69,3,1,1,5,At Risk
C01440,137,3,96568.85,1,1,4,6,At Risk
C01441,81,6,21642.3,2,4,2,8,Potential
C01442,20,4,209977.66,4,2,5,11,Loyal
C01443,7,4,26472.760000000002,5,2,3,10,Loyal
C01444,27,3,8134.02,4,1,1,6,At Risk
C01445,7,4,12306.55,5,2,2,9,Potential
C01446,72,6,18269.03,2,4,2,8,Potential
C01447,66,11,192450.02,3,5,5,13,VIP
C01448,89,6,10755.57,2,4,1,7,Potential
C01449,155,3,11752.150000000001,1,1,1,3,Inactive
C01450,84,7,177595.72,2,5,5,12,Loyal
C01451,55,7,29602.06,3,5,3,11,Loyal
C01452,15,3,24247.199999999997,5,1,2,8,Potential
C01453,32,6,44458.98,4,4,3,11,Loyal
C01454,64,5,19118.95,3,3,2,8,Potential
C01455,284,2,9460.68,1,1,1,3,Inactive
C01456,90,4,337042.55,2,2,5,9,Potential
C01457,119,4,16784.300000000003,1,2,2,5,At Risk
C01458,46,3,61136.81,3,1,4,8,Potential
C01459,80,3,61806.17,2,1,4,7,Potential
C01460,26,6,56482.31,4,4,3,11,Loyal
C01461,45,5,26851.65,3,3,3,9,Potential
C01462,3,5,183311.78,5,3,5,13,VIP
C01463,2,2,3467.05,5,1,1,7,Potential
C01464,112,3,4677.84,2,1,1,4,Inactive
C01465,83,6,72571.43,2,4,4,10,Loyal
C01466,100,4,21096.04,2,2,2,6,At Risk
C01467,4,6,15676.66,5,4,2,11,Loyal
C01468,154,3,9557.37,1,1,1,3,Inactive
C01469,116,5,125819.28,2,3,5,10,Loyal
C01470,51,7,86157.55,3,5,4,12,Loyal
C01471,275,2,5129.32,1,1,1,3,Inactive
C01472,22,5,96569.43,4,3,4,11,Loyal
C01473,91,3,5337.98,2,1,1,4,Inactive
C01474,226,1,2676.96,1,1,1,3,Inactive
C01475,24,3,5177.27,4,1,1,6,At Risk
C01476,7,8,31009.93,5,5,3,13,VIP
C01477,118,5,66682.0,2,3,4,9,Potential
C01478,111,3,13548.52,2,1,2,5,At Risk
C01479,30,8,123010.03,4,5,5,14,VIP
C01480,65,10,166060.5,3,5,5,13,VIP
C01481,11,4,17862.75,5,2,2,9,Potential
C01482,81,2,178433.81,2,1,5,8,Potential
C01483,27,4,14387.75,4,2,2,8,Potential
C01484,10,4,10833.01,5,2,1,8,Potential
C01485,81,7,18583.4,2,5,2,9,Potential
C01486,23,5,68282.55,4,3,4,11,Loyal
C01487,54,6,64045.73,3,4,4,11,Loyal
C01488,24,6,164516.91999999998,4,4,5,13,VIP
C01489,33,9,22476.92,4,5,2,11,Loyal
C01490,82,3,10370.68,2,1,1,4,Inactive
C01491,64,5,13850.25,3,3,2,8,Potential
C01492,204,3,15191.029999999999,1,1,2,4,Inactive
C01493,41,4,34747.86,3,2,3,8,Potential
C01494,95,6,13409.26,2,4,2,8,Potential
C01495,26,6,28480.760000000002,4,4,3,11,Loyal
C01496,24,2,12007.099999999999,4,1,1,6,At Risk
C01497,210,2,3866.87,1,1,1,3,Inactive
C01498,84,8,197730.31,2,5,5,12,Loyal
C01499,27,5,116626.24,4,3,5,12,Loyal
C01500,3,5,9508.17,5,3,1,9,Potential
C01501,56,4,75038.9,3,2,4,9,Potential
C01502,12,4,13138.779999999999,5,2,2,9,Potential
C01503,14,8,136684.98,5,5,5,15,VIP
C01504,29,3,11970.57,4,1,1,6,At Risk
C01505,43,7,245058.78999999998,3,5,5,13,VIP
C01506,93,4,174889.1,2,2,5,9,Potential
C01507,76,7,20306.35,2,5,2,9,Potential
C01508,29,10,156100.73,4,5,5,14,VIP
C01509,83,7,27578.74,2,5,3,10,Loyal
C01510,60,7,72296.92,3,5,4,12,Loyal
C01511,98,11,118970.51000000001,2,5,5,12,Loyal
C01512,60,2,5875.18,3,1,1,5,At Risk
C01513,28,5,10481.06,4,3,1,8,Potential
C01514,118,4,14629.35,2,2,2,6,At Risk
C01516,17,3,59697.79,4,1,4,9,Potential
C01517,4,7,169345.45,5,5,5,15,VIP
C01518,8,11,114000.72,5,5,5,15,VIP
C01519,58,2,7231.87,3,1,1,5,At Risk
C01520,107,3,17123.010000000002,2,1,2,5,At Risk
C01521,24,5,9746.77,4,3,1,8,Potential
C01522,15,8,257302.16,5,5,5,15,VIP
C01523,128,6,30739.02,1,4,3,8,Potential
C01524,14,5,45830.28,5,3,3,11,Loyal
C01525,86,3,116344.02,2,1,5,8,Potential
C01526,329,2,9550.74,1,1,1,3,Inactive
C01527,20,8,68866.59999999999,4,5,4,13,VIP
C01528,125,5,11570.93,1,3,1,5,At Risk
C01529,3,6,13715.0,5,4,2,11,Loyal
C01530,20,8,171174.77,4,5,5,14,VIP
C01531,32,4,9097.17,4,2,1,7,Potential
C01532,122,2,34233.05,1,1,3,5,At Risk
C01533,123,5,87919.14000000001,1,3,4,8,Potential
C01534,83,4,56693.020000000004,2,2,3,7,Potential
C01535,62,8,102183.58,3,5,4,12,Loyal
C01536,44,3,161695.42,3,1,5,9,Potential
C01537,193,2,6738.68,1,1,1,3,Inactive
C01538,16,8,39130.21,5,5,3,13,VIP
C01539,9,7,119134.53,5,5,5,15,VIP
C01540,3,4,4276.87,5,2,1,8,Potential
C01541,172,3,18848.02,1,1,2,4,Inactive
C01542,172,5,177776.93,1,3,5,9,Potential
C01543,115,5,25367.370000000003,2,3,2,7,Potential
C01544,34,6,91385.45,4,4,4,12,Loyal
C01545,226,3,6851.95,1,1,1,3,Inactive
C01546,14,4,22146.309999999998,5,2,2,9,Potential
C01547,25,5,16792.4,4,3,2,9,Potential
C01548,105,3,12206.74,2,1,2,5,At Risk
C01549,5,8,92694.16,5,5,4,14,VIP
C01550,11,4,7709.8,5,2,1,8,Potential
C01551,21,4,12700.199999999999,4,2,2,8,Potential
C01552,9,4,41273.58,5,2,3,10,Loyal
C01553,70,7,83868.54999999999,2,5,4,11,Loyal
C01554,14,9,215330.44,5,5,5,15,VIP
C01555,25,4,8873.85,4,2,1,7,Potential
C01556,29,5,22516.02,4,3,2,9,Potential
C01557,74,4,72744.89,2,2,4,8,Potential
C01558,57,4,253545.24,3,2,5,10,Loyal
C01559,229,4,65758.92,1,2,4,7,Potential
C01560,213,3,156194.87,1,1,5,7,Potential
C01561,9,3,8220.34,5,1,1,7,Potential
C01562,24,6,78215.70999999999,4,4,4,12,Loyal
C01563,17,6,122854.71,4,4,5,13,VIP
C01564,121,8,27673.47,1,5,3,9,Potential
C01565,80,3,115418.76999999999,2,1,5,8,Potential
C01566,34,7,100984.30000000002,4,5,4,13,VIP
C01567,35,5,19926.13,4,3,2,9,Potential
C01568,129,4,8969.97,1,2,1,4,Inactive
C01569,41,4,8025.87,3,2,1,6,At Risk
C01570,2,7,16007.359999999999,5,5,2,12,Loyal
C01571,94,6,76501.05,2,4,4,10,Loyal
C01572,133,3,10617.7,1,1,1,3,Inactive
C01573,12,6,31192.22,5,4,3,12,Loyal
C01574,95,5,11753.16,2,3,1,6,At Risk
C01575,41,4,13013.9,3,2,2,7,Potential
C01576,41,5,25938.34,3,3,2,8,Potential
C01577,7,5,34611.299999999996,5,3,3,11,Loyal
C01578,17,6,327793.02,4,4,5,13,VIP
C01579,68,7,138889.1,2,5,5,12,Loyal
C01580,69,5,150274.66,2,3,5,10,Loyal
C01581,236,3,11832.17,1,1,1,3,Inactive
C01582,4,1,24992.1,5,1,2,8,Potential
C01583,3,7,90494.76000000001,5,5,4,14,VIP
C01584,58,7,42730.899999999994,3,5,3,11,Loyal
C01585,33,4,67432.81999999999,4,2,4,10,Loyal
C01586,151,4,39564.1,1,2,3,6,At Risk
C01587,84,4,44215.72,2,2,3,7,Potential
C01588,99,5,11698.38,2,3,1,6,At Risk
C01589,66,5,13444.18,3,3,2,8,Potential
C01590,59,6,113029.29999999999,3,4,5,12,Loyal
C01591,80,8,163137.02,2,5,5,12,Loyal
C01592,76,6,63606.67,2,4,4,10,Loyal
C01593,47,5,65320.98,3,3,4,10,Loyal
C01594,39,3,322368.69,3,1,5,9,Potential
C01595,90,5,73528.94,2,3,4,9,Potential
C01596,125,3,138501.9,1,1,5,7,Potential
C01597,133,2,83158.78,1,1,4,6,At Risk
C01598,63,11,30024.79,3,5,3,11,Loyal
C01599,90,5,81225.95,2,3,4,9,Potential
C01600,6,7,192421.64,5,5,5,15,VIP
C01601,29,7,17989.61,4,5,2,11,Loyal
C01602,89,4,28979.29,2,2,3,7,Potential
C01603,76,4,7449.43,2,2,1,5,At Risk
C01604,32,4,165579.77,4,2,5,11,Loyal
C01605,108,5,39433.19,2,3,3,8,Potential
C01606,28,6,105130.39,4,4,4,12,Loyal
C01607,123,5,117970.09,1,3,5,9,Potential
C01608,23,4,156169.13999999998,4,2,5,11,Loyal
C01609,32,6,44702.24,4,4,3,11,Loyal
C01610,52,9,136811.19,3,5,5,13,VIP
C01611,58,9,81102.22,3,5,4,12,Loyal
C01612,59,4,118150.74,3,2,5,10,Loyal
C01613,129,4,15549.849999999999,1,2,2,5,At Risk
C01614,73,4,6420.69,2,2,1,5,At Risk
C01615,7,2,7998.22,5,1,1,7,Potential
C01616,11,3,9941.95,5,1,1,7,Potential
C01617,77,5,147330.77,2,3,5,10,Loyal
C01618,34,6,23612.78,4,4,2,10,Loyal
C01619,24,7,77616.70999999999,4,5,4,13,VIP
C01620,34,7,196317.13,4,5,5,14,VIP
C01621,9,4,132301.03,5,2,5,12,Loyal
C01622,87,7,50052.72,2,5,3,10,Loyal
C01623,176,4,114935.93000000001,1,2,5,8,Potential
C01624,23,7,31015.83,4,5,3,12,Loyal
C01625,45,4,8739.0,3,2,1,6,At Risk
C01626,34,5,15891.45,4,3,2,9,Potential
C01627,72,8,64494.490000000005,2,5,4,11,Loyal
C01628,183,3,97836.61,1,1,4,6,At Risk
C01629,240,2,3851.13,1,1,1,3,Inactive
C01630,23,6,58425.64,4,4,3,11,Loyal
C01631,8,8,35119.03,5,5,3,13,VIP
C01632,125,3,60140.07000000001,1,1,4,6,At Risk
C01633,28,8,28586.059999999998,4,5,3,12,Loyal
C01634,30,2,30923.69,4,1,3,8,Potential
C01635,15,9,74885.49,5,5,4,14,VIP
C01636,8,4,39930.96,5,2,3,10,Loyal
C01637,8,5,101576.18000000001,5,3,4,12,Loyal
C01638,12,4,12672.349999999999,5,2,2,9,Potential
C01639,31,9,85967.49,4,5,4,13,VIP
C01640,255,2,4124.4800000000005,1,1,1,3,Inactive
C01641,67,2,12260.810000000001,3,1,2,6,At Risk
C01642,114,5,81345.53,2,3,4,9,Potential
C01643,9,7,25202.89,5,5,2,12,Loyal
C01644,67,5,92320.39000000001,3,3,4,10,Loyal
C01645,46,5,85115.63,3,3,4,10,Loyal
C01646,66,3,19961.48,3,1,2,6,At Risk
C01647,106,5,15079.69,2,3,2,7,Potential
C01648,85,3,37219.93,2,1,3,6,At Risk
C01649,49,3,3067.16,3,1,1,5,At Risk
C01650,83,3,10569.47,2,1,1,4,Inactive
C01651,69,4,34265.71,2,2,3,7,Potential
C01652,20,6,150299.95,4,4,5,13,VIP
C01653,101,4,121714.55,2,2,5,9,Potential
C01654,91,4,94823.7,2,2,4,8,Potential
C01655,33,11,180011.37,4,5,5,14,VIP
C01656,46,5,120342.93,3,3,5,11,Loyal
C01657,66,5,151742.86000000002,3,3,5,11,Loyal
C01658,113,4,20436.71,2,2,2,6,At Risk
C01659,64,10,97774.36,3,5,4,12,Loyal
C01660,115,3,32869.770000000004,2,1,3,6,At Risk
C01661,85,6,43542.09,2,4,3,9,Potential
C01662,71,5,16210.07,2,3,2,7,Potential
C01663,38,6,29272.74,3,4,3,10,Loyal
C01664,5,4,15491.710000000001,5,2,2,9,Potential
C01665,37,6,152224.78,3,4,5,12,Loyal
C01666,38,10,56803.840000000004,3,5,3,11,Loyal
C01667,20,8,76788.53,4,5,4,13,VIP
C01668,128,4,82953.16,1,2,4,7,Potential
C01669,42,4,64935.47,3,2,4,9,Potential
C01670,99,5,135088.04,2,3,5,10,Loyal
C01671,100,3,5384.47,2,1,1,4,Inactive
C01672,9,2,137470.96000000002,5,1,5,11,Loyal
C01673,43,6,92125.06,3,4,4,11,Loyal
C01674,5,5,11986.26,5,3,1,9,Potential
C01675,5,6,160599.25999999998,5,4,5,14,VIP
C01676,39,11,101731.71,3,5,4,12,Loyal
C01677,11,7,31665.3,5,5,3,13,VIP
C01678,98,3,7430.03,2,1,1,4,Inactive
C01679,18,7,27776.46,4,5,3,12,Loyal
C01680,37,8,132225.01,3,5,5,13,VIP
C01681,283,1,2432.25,1,1,1,3,Inactive
C01682,259,2,117410.95999999999,1,1,5,7,Potential
C01683,135,5,76757.93,1,3,4,8,Potential
C01684,298,2,181791.6,1,1,5,7,Potential
C01685,44,5,173958.68,3,3,5,11,Loyal
C01686,7,2,3712.0699999999997,5,1,1,7,Potential
C01687,6,9,59189.25,5,5,3,13,VIP
C01688,129,1,1683.86,1,1,1,3,Inactive
C01689,105,6,64443.64,2,4,4,10,Loyal
C01690,11,4,64332.18,5,2,4,11,Loyal
C01691,36,8,21699.37,4,5,2,11,Loyal
C01692,174,3,5103.89,1,1,1,3,Inactive
C01693,36,4,32770.13,4,2,3,9,Potential
C01694,48,4,86664.94,3,2,4,9,Potential
C01695,9,4,68577.11,5,2,4,11,Loyal
C01696,144,4,17130.89,1,2,2,5,At Risk
C01697,26,4,12232.670000000002,4,2,2,8,Potential
C01698,220,3,4707.01,1,1,1,3,Inactive
C01699,142,4,14634.130000000001,1,2,2,5,At Risk
C01700,43,10,212123.56,3,5,5,13,VIP
C01701,25,5,69361.14,4,3,4,11,Loyal
C01702,45,7,17073.65,3,5,2,10,Loyal
C01703,24,8,55875.73,4,5,3,12,Loyal
C01704,52,7,80566.94,3,5,4,12,Loyal
C01705,5,5,18843.87,5,3,2,10,Loyal
C01706,8,5,11900.51,5,3,1,9,Potential
C01707,93,6,15327.0,2,4,2,8,Potential
C01708,37,7,52941.5,3,5,3,11,Loyal
C01709,79,7,400122.74,2,5,5,12,Loyal
C01710,48,2,2946.98,3,1,1,5,At Risk
C01711,85,3,12385.15,2,1,2,5,At Risk
C01712,25,7,16408.89,4,5,2,11,Loyal
C01713,2,4,79393.13,5,2,4,11,Loyal
C01714,172,8,79889.33,1,5,4,10,Loyal
C01715,267,3,70132.93,1,1,4,6,At Risk
C01716,60,6,34371.25,3,4,3,10,Loyal
C01717,75,4,120403.71,2,2,5,9,Potential
C01718,33,6,16844.899999999998,4,4,2,10,Loyal
C01719,26,5,32291.98,4,3,3,10,Loyal
C01720,6,8,79192.9,5,5,4,14,VIP
C01721,1,8,169378.36,5,5,5,15,VIP
C01722,280,1,1627.78,1,1,1,3,Inactive
C01723,212,5,16371.14,1,3,2,6,At Risk
C01724,11,4,28106.65,5,2,3,10,Loyal
C01725,10,7,102684.28,5,5,4,14,VIP
C01726,230,3,18114.84,1,1,2,4,Inactive
C01727,8,6,62197.079999999994,5,4,4,13,VIP
C01728,123,7,132169.13,1,5,5,11,Loyal
C01729,176,4,12647.61,1,2,2,5,At Risk
C01730,55,5,124335.03,3,3,5,11,Loyal
C01731,153,2,116935.72,1,1,5,7,Potential
C01732,45,2,6363.0,3,1,1,5,At Risk
C01733,283,3,7140.709999999999,1,1,1,3,Inactive
C01734,203,5,9526.61,1,3,1,5,At Risk
C01735,14,5,129483.25,5,3,5,13,VIP
C01736,67,7,13688.24,3,5,2,10,Loyal
C01737,36,6,130506.51000000001,4,4,5,13,VIP
C01738,65,3,133685.46000000002,3,1,5,9,Potential
C01739,32,4,35484.51,4,2,3,9,Potential
C01740,1,5,13056.85,5,3,2,10,Loyal
C01741,100,4,123971.56,2,2,5,9,Potential
C01742,81,5,127884.14,2,3,5,10,Loyal
C01743,25,5,29604.489999999998,4,3,3,10,Loyal
C01744,33,7,165695.55,4,5,5,14,VIP
C01745,17,6,162675.31,4,4,5,13,VIP
C01746,25,5,25663.05,4,3,2,9,Potential
C01747,5,7,241533.3,5,5,5,15,VIP
C01748,44,7,82150.13,3,5,4,12,Loyal
C01749,7,5,23133.079999999998,5,3,2,10,Loyal
C01750,58,4,135488.5,3,2,5,10,Loyal
C01751,2,3,7865.04,5,1,1,7,Potential
C01752,47,3,192451.61,3,1,5,9,Potential
C01753,95,5,69871.14,2,3,4,9,Potential
C01754,27,4,191800.31,4,2,5,11,Loyal
C01755,27,2,237540.66,4,1,5,10,Loyal
C01756,5,3,14780.51,5,1,2,8,Potential
C01757,30,7,22748.33,4,5,2,11,Loyal
C01758,86,6,122475.37999999999,2,4,5,11,Loyal
C01759,53,3,11983.98,3,1,1,5,At Risk
C01760,136,2,6936.429999999999,1,1,1,3,Inactive
C01761,27,3,4252.03,4,1,1,6,At Risk
C01762,51,3,41833.409999999996,3,1,3,7,Potential
C01763,10,7,55982.86,5,5,3,13,VIP
C01764,81,2,108671.24,2,1,4,7,Potential
C01765,10,5,153798.82,5,3,5,13,VIP
C01766,93,9,171803.39,2,5,5,12,Loyal
C01767,140,5,22457.44,1,3,2,6,At Risk
C01768,329,1,10082.88,1,1,1,3,Inactive
C01769,194,4,76738.25,1,2,4,7,Potential
C01770,49,5,176436.45999999996,3,3,5,11,Loyal
C01771,101,3,7671.45,2,1,1,4,Inactive
C01772,81,5,22603.82,2,3,2,7,Potential
C01773,21,5,66626.58,4,3,4,11,Loyal
C01774,15,7,41066.28,5,5,3,13,VIP
C01775,45,8,102649.52,3,5,4,12,Loyal
C01776,37,4,31965.33,3,2,3,8,Potential
C01777,18,4,11032.04,4,2,1,7,Potential
C01778,95,2,91266.22,2,1,4,7,Potential
C01779,99,4,42207.29,2,2,3,7,Potential
C01780,73,6,135717.3,2,4,5,11,Loyal
C01781,22,6,61951.119999999995,4,4,4,12,Loyal
C01782,82,3,62885.950000000004,2,1,4,7,Potential
C01783,25,4,12005.08,4,2,1,7,Potential
C01785,21,7,24213.25,4,5,2,11,Loyal
C01786,210,4,73706.87,1,2,4,7,Potential
C01787,21,6,19269.48,4,4,2,10,Loyal
C01788,98,4,9578.23,2,2,1,5,At Risk
C01789,72,3,45410.59,2,1,3,6,At Risk
C01790,90,7,47017.630000000005,2,5,3,10,Loyal
C01791,50,6,201916.71,3,4,5,12,Loyal
C01792,193,1,7519.87,1,1,1,3,Inactive
C01793,22,3,77297.95,4,1,4,9,Potential
C01794,26,8,249232.63,4,5,5,14,VIP
C01795,27,6,50112.66,4,4,3,11,Loyal
C01796,150,3,61364.92,1,1,4,6,At Risk
C01797,40,4,15312.32,3,2,2,7,Potential
C01798,14,4,49105.75,5,2,3,10,Loyal
C01799,82,4,96671.75,2,2,4,8,Potential
C01800,22,7,175638.9,4,5,5,14,VIP
C01801,14,4,31646.02,5,2,3,10,Loyal
C01802,18,5,29850.64,4,3,3,10,Loyal
C01803,39,5,16226.8,3,3,2,8,Potential
C01804,103,4,6032.53,2,2,1,5,At Risk
C01805,30,2,3426.8100000000004,4,1,1,6,At Risk
C01806,143,3,118973.27,1,1,5,7,Potential
C01807,26,10,123755.03,4,5,5,14,VIP
C01808,53,4,128067.66,3,2,5,10,Loyal
C01809,115,6,148352.91999999998,2,4,5,11,Loyal
C01810,11,9,298886.42,5,5,5,15,VIP
C01811,42,5,69977.73,3,3,4,10,Loyal
C01812,42,6,61694.35,3,4,4,11,Loyal
C01813,22,5,76396.29,4,3,4,11,Loyal
C01814,54,6,224025.13,3,4,5,12,Loyal
C01815,120,5,19305.67,1,3,2,6,At Risk
C01816,172,3,60860.619999999995,1,1,4,6,At Risk
C01817,3,4,18643.7,5,2,2,9,Potential
C01818,19,3,5025.32,4,1,1,6,At Risk
C01819,94,2,3996.98,2,1,1,4,Inactive
C01820,32,8,74797.72,4,5,4,13,VIP
C01821,181,3,7533.49,1,1,1,3,Inactive
C01822,98,7,232644.75,2,5,5,12,Loyal
C01823,14,5,23497.19,5,3,2,10,Loyal
C01824,12,7,66064.35,5,5,4,14,VIP
C01825,9,9,450153.33,5,5,5,15,VIP
C01826,55,6,204756.19,3,4,5,12,Loyal
C01827,136,6,241862.53999999998,1,4,5,10,Loyal
C01828,28,7,37749.66,4,5,3,12,Loyal
C01829,60,6,41686.67,3,4,3,10,Loyal
C01830,103,3,10121.19,2,1,1,4,Inactive
C01831,49,8,75509.59,3,5,4,12,Loyal
C01832,39,10,221741.84,3,5,5,13,VIP
C01833,24,4,89868.55,4,2,4,10,Loyal
C01834,10,5,86209.1,5,3,4,12,Loyal
C01835,128,7,327985.43,1,5,5,11,Loyal
C01836,25,3,177047.46999999997,4,1,5,10,Loyal
C01837,21,3,3852.04,4,1,1,6,At Risk
C01838,123,7,52537.7,1,5,3,9,Potential
C01839,46,4,10693.880000000001,3,2,1,6,At Risk
C01840,90,9,136430.03,2,5,5,12,Loyal
C01841,60,7,71755.79000000001,3,5,4,12,Loyal
C01842,17,5,23714.37,4,3,2,9,Potential
C01843,21,8,26679.13,4,5,3,12,Loyal
C01844,37,6,16103.73,3,4,2,9,Potential
C01845,19,7,22977.420000000002,4,5,2,11,Loyal
C01846,66,7,24286.46,3,5,2,10,Loyal
C01847,28,3,7707.14,4,1,1,6,At Risk
C01848,16,5,17793.78,5,3,2,10,Loyal
C01849,70,10,221483.03999999998,2,5,5,12,Loyal
C01850,1,5,24113.12,5,3,2,10,Loyal
C01851,25,2,2816.06,4,1,1,6,At Risk
C01852,68,10,35560.79,2,5,3,10,Loyal
C01853,25,3,57603.16,4,1,3,8,Potential
C01854,1,8,131185.46,5,5,5,15,VIP
C01855,5,4,18898.489999999998,5,2,2,9,Potential
C01856,68,7,19487.55,2,5,2,9,Potential
C01857,128,3,15115.3,1,1,2,4,Inactive
C01858,24,4,12171.65,4,2,2,8,Potential
C01859,22,4,66421.23,4,2,4,10,Loyal
C01860,152,4,162118.39,1,2,5,8,Potential
C01861,26,5,20500.07,4,3,2,9,Potential
C01862,13,10,234509.83000000002,5,5,5,15,VIP
C01863,72,3,9947.83,2,1,1,4,Inactive
C01864,45,5,59156.93,3,3,3,9,Potential
C01865,125,1,917.89,1,1,1,3,Inactive
C01866,192,4,126350.05,1,2,5,8,Potential
C01867,300,1,42029.71,1,1,3,5,At Risk
C01868,19,7,107355.97,4,5,4,13,VIP
C01869,11,7,81521.16,5,5,4,14,VIP
C01870,46,6,12243.5,3,4,2,9,Potential
C01871,121,1,54876.71,1,1,3,5,At Risk
C01872,167,2,9580.46,1,1,1,3,Inactive
C01873,60,3,29874.83,3,1,3,7,Potential
C01874,91,4,227879.14,2,2,5,9,Potential
C01875,81,3,31338.8,2,1,3,6,At Risk
C01876,60,6,25320.83,3,4,2,9,Potential
C01877,45,3,5603.88,3,1,1,5,At Risk
C01878,8,9,404623.9,5,5,5,15,VIP
C01879,34,5,122517.02000000002,4,3,5,12,Loyal
C01880,1,6,309970.93,5,4,5,14,VIP
C01881,87,2,5356.18,2,1,1,4,Inactive
C01882,129,5,68369.18000000001,1,3,4,8,Potential
C01883,263,4,10088.52,1,2,1,4,Inactive
C01884,39,8,69074.18,3,5,4,12,Loyal
C01885,50,7,108941.75,3,5,4,12,Loyal
C01886,82,3,9033.39,2,1,1,4,Inactive
C01887,273,2,7226.39,1,1,1,3,Inactive
C01888,151,1,55318.02,1,1,3,5,At Risk
C01889,20,7,93197.26999999999,4,5,4,13,VIP
C01890,15,3,51704.78999999999,5,1,3,9,Potential
C01891,42,2,53515.21,3,1,3,7,Potential
C01892,110,2,7582.1,2,1,1,4,Inactive
C01893,160,3,3839.16,1,1,1,3,Inactive
C01895,18,6,68001.54000000001,4,4,4,12,Loyal
C01896,42,8,58331.26,3,5,3,11,Loyal
C01897,193,6,144445.3,1,4,5,10,Loyal
C01898,135,3,69690.99,1,1,4,6,At Risk
C01899,225,4,10809.83,1,2,1,4,Inactive
C01900,71,6,30649.53,2,4,3,9,Potential
C01901,50,7,258460.99000000002,3,5,5,13,VIP
C01902,44,7,64695.91,3,5,4,12,Loyal
C01903,3,7,10404.97,5,5,1,11,Loyal
C01904,42,4,80726.42,3,2,4,9,Potential
C01905,30,6,31090.77,4,4,3,11,Loyal
C01906,32,6,123042.71999999999,4,4,5,13,VIP
C01907,50,4,141190.16,3,2,5,10,Loyal
C01908,38,9,240043.83,3,5,5,13,VIP
C01909,34,4,32308.53,4,2,3,9,Potential
C01910,48,8,39010.590000000004,3,5,3,11,Loyal
C01911,1,7,32526.52,5,5,3,13,VIP
C01912,37,8,52805.08,3,5,3,11,Loyal
C01913,35,4,10470.17,4,2,1,7,Potential
C01914,2,6,93279.82,5,4,4,13,VIP
C01915,34,8,57682.05,4,5,3,12,Loyal
C01916,10,5,334149.14,5,3,5,13,VIP
C01917,9,5,18713.56,5,3,2,10,Loyal
C01918,73,3,53951.3,2,1,3,6,At Risk
C01919,114,4,8308.67,2,2,1,5,At Risk
C01920,18,5,125930.8,4,3,5,12,Loyal
C01921,18,4,13173.45,4,2,2,8,Potential
C01922,33,6,16911.32,4,4,2,10,Loyal
C01923,56,7,16677.91,3,5,2,10,Loyal
C01924,56,6,84521.46,3,4,4,11,Loyal
C01925,11,2,17350.02,5,1,2,8,Potential
C01926,65,6,14552.32,3,4,2,9,Potential
C01927,40,6,57254.0,3,4,3,10,Loyal
C01928,155,5,37192.19,1,3,3,7,Potential
C01929,132,5,57469.68,1,3,3,7,Potential
C01930,19,5,24343.97,4,3,2,9,Potential
C01931,6,6,136440.1,5,4,5,14,VIP
C01932,52,7,31654.14,3,5,3,11,Loyal
C01933,146,5,13619.65,1,3,2,6,At Risk
C01934,85,2,100293.24,2,1,4,7,Potential
C01935,170,7,24310.94,1,5,2,8,Potential
C01936,106,5,18011.48,2,3,2,7,Potential
C01937,104,5,14450.08,2,3,2,7,Potential
C01938,42,4,12517.47,3,2,2,7,Potential
C01939,60,4,39517.9,3,2,3,8,Potential
C01940,50,13,46243.0,3,5,3,11,Loyal
C01941,93,5,64175.26,2,3,4,9,Potential
C01942,69,6,13779.71,2,4,2,8,Potential
C01943,3,6,75495.98,5,4,4,13,VIP
C01944,66,4,77798.1,3,2,4,9,Potential
C01945,14,7,168483.57,5,5,5,15,VIP
C01946,75,7,116030.78,2,5,5,12,Loyal
C01947,116,4,7115.0,2,2,1,5,At Risk
C01948,13,8,31593.65,5,5,3,13,VIP
C01949,34,8,70190.47,4,5,4,13,VIP
C01950,236,3,13917.32,1,1,2,4,Inactive
C01951,21,4,8706.7,4,2,1,7,Potential
C01952,1,5,31260.41,5,3,3,11,Loyal
C01953,10,6,16120.22,5,4,2,11,Loyal
C01954,20,4,39408.51,4,2,3,9,Potential
C01955,7,8,155119.14,5,5,5,15,VIP
C01956,123,7,62360.020000000004,1,5,4,10,Loyal
C01957,33,4,130874.98,4,2,5,11,Loyal
C01958,114,5,19922.06,2,3,2,7,Potential
C01959,95,7,265276.86,2,5,5,12,Loyal
C01960,105,4,18229.73,2,2,2,6,At Risk
C01961,44,5,19442.589999999997,3,3,2,8,Potential
C01962,55,5,105547.5,3,3,4,10,Loyal
C01963,8,5,32991.46,5,3,3,11,Loyal
C01964,9,12,283525.75,5,5,5,15,VIP
C01965,3,5,16709.8,5,3,2,10,Loyal
C01966,279,3,6100.56,1,1,1,3,Inactive
C01967,157,3,95008.75,1,1,4,6,At Risk
C01968,36,5,15907.16,4,3,2,9,Potential
C01969,28,3,80817.24,4,1,4,9,Potential
C01970,15,8,41489.69,5,5,3,13,VIP
C01971,208,3,17061.72,1,1,2,4,Inactive
C01972,51,4,13868.029999999999,3,2,2,7,Potential
C01973,11,7,53769.25,5,5,3,13,VIP
C01974,123,4,107567.01000000001,1,2,4,7,Potential
C01975,101,5,109830.13,2,3,4,9,Potential
C01976,17,5,28831.5,4,3,3,10,Loyal
C01977,15,7,180752.74000000002,5,5,5,15,VIP
C01978,44,7,163432.27,3,5,5,13,VIP
C01979,81,5,114445.89,2,3,5,10,Loyal
C01980,22,2,143753.2,4,1,5,10,Loyal
C01981,26,7,51704.21,4,5,3,12,Loyal
C01982,138,4,304957.44,1,2,5,8,Potential
C01983,62,6,256401.81,3,4,5,12,Loyal
C01984,192,2,6851.030000000001,1,1,1,3,Inactive
C01985,94,5,15241.77,2,3,2,7,Potential
C01986,12,5,66823.07,5,3,4,12,Loyal
C01987,21,12,162178.85,4,5,5,14,VIP
C01988,85,6,34409.909999999996,2,4,3,9,Potential
C01989,111,4,62693.88,2,2,4,8,Potential
C01990,338,1,1530.57,1,1,1,3,Inactive
C01991,174,5,15041.62,1,3,2,6,At Risk
C01992,32,8,17638.77,4,5,2,11,Loyal
C01993,99,5,78441.95999999999,2,3,4,9,Potential
C01994,34,9,136852.77,4,5,5,14,VIP
C01995,28,9,86462.92,4,5,4,13,VIP
C01996,90,1,8596.41,2,1,1,4,Inactive
C01997,134,4,10703.56,1,2,1,4,Inactive
C01998,157,4,38217.9,1,2,3,6,At Risk
C01999,316,1,9931.6,1,1,1,3,Inactive
C02000,79,8,124617.81,2,5,5,12,Loyal
C02001,44,4,15855.74,3,2,2,7,Potential
C02002,123,4,125796.79000000001,1,2,5,8,Potential
C02003,297,1,1106.77,1,1,1,3,Inactive
C02004,102,2,28868.54,2,1,3,6,At Risk
C02005,4,6,24000.38,5,4,2,11,Loyal
C02006,73,7,57326.79,2,5,3,10,Loyal
C02007,3,5,33412.42,5,3,3,11,Loyal
C02008,55,5,140675.62,3,3,5,11,Loyal
C02009,212,3,16878.04,1,1,2,4,Inactive
C02010,126,3,11651.0,1,1,1,3,Inactive
C02011,146,6,25117.72,1,4,2,7,Potential
C02012,17,7,72071.63,4,5,4,13,VIP
C02013,93,6,67844.33,2,4,4,10,Loyal
C02014,100,6,51864.659999999996,2,4,3,9,Potential
C02015,57,5,67797.45,3,3,4,10,Loyal
C02016,158,6,97306.04,1,4,4,9,Potential
C02017,176,2,11971.07,1,1,1,3,Inactive
C02018,121,3,61458.68,1,1,4,6,At Risk
C02019,57,6,81760.42,3,4,4,11,Loyal
C02020,127,4,17577.920000000002,1,2,2,5,At Risk
C02021,116,4,40596.229999999996,2,2,3,7,Potential
C02022,80,4,165443.36,2,2,5,9,Potential
C02023,6,8,122105.67,5,5,5,15,VIP
C02024,142,1,461.0,1,1,1,3,Inactive
C02025,39,5,16457.07,3,3,2,8,Potential
C02026,52,8,195274.9,3,5,5,13,VIP
C02027,33,7,181383.83,4,5,5,14,VIP
C02028,83,3,13620.34,2,1,2,5,At Risk
C02029,121,3,17478.42,1,1,2,4,Inactive
C02030,27,3,110832.67,4,1,5,10,Loyal
C02031,98,3,123102.40000000001,2,1,5,8,Potential
C02032,190,6,85779.97,1,4,4,9,Potential
C02033,24,5,59711.990000000005,4,3,4,11,Loyal
C02034,27,5,45598.11,4,3,3,10,Loyal
C02035,11,10,33456.9,5,5,3,13,VIP
C02036,144,4,17610.19,1,2,2,5,At Risk
C02037,18,9,102452.04000000001,4,5,4,13,VIP
C02038,68,7,358278.68,2,5,5,12,Loyal
C02039,305,2,6894.08,1,1,1,3,Inactive
C02040,41,6,83496.02,3,4,4,11,Loyal
C02041,255,3,60939.979999999996,1,1,4,6,At Risk
C02042,331,1,774.68,1,1,1,3,Inactive
C02043,90,5,107206.15,2,3,4,9,Potential
C02044,97,5,31843.12,2,3,3,8,Potential
C02045,55,3,67050.53,3,1,4,8,Potential
C02046,53,3,6963.05,3,1,1,5,At Risk
C02047,3,6,21960.24,5,4,2,11,Loyal
C02048,86,4,9211.01,2,2,1,5,At Risk
C02049,30,2,7822.94,4,1,1,6,At Risk
C02050,82,2,3827.89,2,1,1,4,Inactive
C02051,40,5,20173.63,3,3,2,8,Potential
C02052,17,4,42215.2,4,2,3,9,Potential
C02053,139,6,251058.68,1,4,5,10,Loyal
C02054,98,4,21445.67,2,2,2,6,At Risk
C02055,47,5,117763.40000000001,3,3,5,11,Loyal
C02056,158,5,69347.51,1,3,4,8,Potential
C02057,15,9,180294.82,5,5,5,15,VIP
C02058,14,6,83138.7,5,4,4,13,VIP
C02059,15,7,69154.69,5,5,4,14,VIP
C02060,118,7,50398.03999999999,2,5,3,10,Loyal
C02061,81,3,72796.56,2,1,4,7,Potential
C02062,6,5,181852.68000000002,5,3,5,13,VIP
C02063,53,7,219671.01,3,5,5,13,VIP
C02064,3,11,181018.67,5,5,5,15,VIP
C02065,69,4,12499.48,2,2,2,6,At Risk
C02066,90,4,13027.49,2,2,2,6,At Risk
C02067,47,7,68817.42000000001,3,5,4,12,Loyal
C02068,1,5,21695.43,5,3,2,10,Loyal
C02069,41,6,15787.5,3,4,2,9,Potential
C02070,41,5,51015.18,3,3,3,9,Potential
C02071,18,8,71180.3,4,5,4,13,VIP
C02072,115,1,2255.54,2,1,1,4,Inactive
C02073,19,5,10967.57,4,3,1,8,Potential
C02074,102,4,42292.71,2,2,3,7,Potential
C02075,17,13,113923.44,4,5,5,14,VIP
C02076,60,7,63103.2,3,5,4,12,Loyal
C02077,74,8,161824.21,2,5,5,12,Loyal
C02078,62,6,15426.61,3,4,2,9,Potential
C02079,17,5,17748.329999999998,4,3,2,9,Potential
C02080,36,4,17456.95,4,2,2,8,Potential
C02081,61,3,7025.6,3,1,1,5,At Risk
C02082,15,6,65247.33,5,4,4,13,VIP
C02083,206,5,95276.41,1,3,4,8,Potential
C02084,184,3,9074.0,1,1,1,3,Inactive
C02085,63,7,26426.809999999998,3,5,3,11,Loyal
C02086,241,1,1664.06,1,1,1,3,Inactive
C02087,154,5,15749.55,1,3,2,6,At Risk
C02088,210,5,13145.650000000001,1,3,2,6,At Risk
C02089,345,1,78069.77,1,1,4,6,At Risk
C02090,28,3,58324.79,4,1,3,8,Potential
C02091,157,1,812.06,1,1,1,3,Inactive
C02092,12,7,87298.8,5,5,4,14,VIP
C02093,48,5,5212.01,3,3,1,7,Potential
C02094,19,6,73101.88,4,4,4,12,Loyal
C02095,67,5,40837.15,3,3,3,9,Potential
C02096,129,3,53048.92,1,1,3,5,At Risk
C02097,53,7,20862.72,3,5,2,10,Loyal
C02098,87,5,231755.94,2,3,5,10,Loyal
C02099,56,1,2385.82,3,1,1,5,At Risk
C02100,49,3,42389.58,3,1,3,7,Potential
C02101,45,5,34382.81,3,3,3,9,Potential
C02102,158,4,12606.92,1,2,2,5,At Risk
C02103,34,7,17190.559999999998,4,5,2,11,Loyal
C02104,134,3,116105.03,1,1,5,7,Potential
C02105,1,8,120058.44,5,5,5,15,VIP
C02106,46,10,150647.73,3,5,5,13,VIP
C02107,101,5,30036.98,2,3,3,8,Potential
C02108,28,5,32593.120000000003,4,3,3,10,Loyal
C02109,112,3,15747.43,2,1,2,5,At Risk
C02110,91,3,9625.220000000001,2,1,1,4,Inactive
C02111,300,2,7321.16,1,1,1,3,Inactive
C02112,25,5,58698.61,4,3,3,10,Loyal
C02113,45,3,140105.31,3,1,5,9,Potential
C02114,30,6,20683.16,4,4,2,10,Loyal
C02115,21,5,330390.58,4,3,5,12,Loyal
C02116,81,3,19693.74,2,1,2,5,At Risk
C02117,90,2,5061.13,2,1,1,4,Inactive
C02118,31,6,13390.01,4,4,2,10,Loyal
C02119,106,4,91179.9,2,2,4,8,Potential
C02120,199,4,12706.89,1,2,2,5,At Risk
C02121,108,3,33961.149999999994,2,1,3,6,At Risk
C02122,38,6,120692.89,3,4,5,12,Loyal
C02123,231,2,41001.19,1,1,3,5,At Risk
C02124,80,4,19958.39,2,2,2,6,At Risk
C02125,74,6,205782.62,2,4,5,11,Loyal
C02126,99,8,82608.33000000002,2,5,4,11,Loyal
C02127,95,4,75120.99,2,2,4,8,Potential
C02128,7,9,49083.01,5,5,3,13,VIP
C02129,31,2,56604.62,4,1,3,8,Potential
C02130,4,5,46497.91,5,3,3,11,Loyal
C02131,96,4,23663.39,2,2,2,6,At Risk
C02132,5,3,57698.01,5,1,3,9,Potential
C02133,52,4,164003.78,3,2,5,10,Loyal
C02134,4,4,50707.229999999996,5,2,3,10,Loyal
C02135,8,5,261114.45,5,3,5,13,VIP
C02136,57,7,20511.22,3,5,2,10,Loyal
C02138,63,4,20453.18,3,2,2,7,Potential
C02139,40,6,177169.91999999998,3,4,5,12,Loyal
C02140,44,8,60871.83,3,5,4,12,Loyal
C02141,45,7,103358.26,3,5,4,12,Loyal
C02142,70,4,37761.74,2,2,3,7,Potential
C02143,117,4,14251.75,2,2,2,6,At Risk
C02144,209,3,6246.82,1,1,1,3,Inactive
C02145,12,13,90102.83,5,5,4,14,VIP
C02146,18,7,69299.08,4,5,4,13,VIP
C02147,59,8,46395.94,3,5,3,11,Loyal
C02148,26,8,55725.490000000005,4,5,3,12,Loyal
C02149,20,3,9910.91,4,1,1,6,At Risk
C02150,248,3,37511.1,1,1,3,5,At Risk
C02151,11,4,14435.39,5,2,2,9,Potential
C02152,59,6,169809.45,3,4,5,12,Loyal
C02153,268,2,3000.1,1,1,1,3,Inactive
C02154,15,6,54325.68,5,4,3,12,Loyal
C02155,138,6,135798.75,1,4,5,10,Loyal
C02156,314,1,3301.46,1,1,1,3,Inactive
C02157,121,5,13639.48,1,3,2,6,At Risk
C02158,51,5,15419.22,3,3,2,8,Potential
C02159,138,2,3820.9399999999996,1,1,1,3,Inactive
C02160,15,5,16091.13,5,3,2,10,Loyal
C02161,21,8,170685.5,4,5,5,14,VIP
C02162,265,2,30958.75,1,1,3,5,At Risk
C02163,20,7,111682.44,4,5,5,14,VIP
C02164,7,8,44835.4,5,5,3,13,VIP
C02165,13,3,11506.210000000001,5,1,1,7,Potential
C02166,68,7,150464.34,2,5,5,12,Loyal
C02168,229,5,80574.98,1,3,4,8,Potential
C02169,101,4,22377.37,2,2,2,6,At Risk
C02170,15,6,58165.89,5,4,3,12,Loyal
C02171,29,3,69751.26000000001,4,1,4,9,Potential
C02172,2,5,32712.56,5,3,3,11,Loyal
C02173,9,13,491298.89,5,5,5,15,VIP
C02174,97,5,43665.87,2,3,3,8,Potential
C02175,17,5,64261.729999999996,4,3,4,11,Loyal
C02176,144,4,199496.86,1,2,5,8,Potential
C02177,72,9,71355.85,2,5,4,11,Loyal
C02178,73,5,63261.37,2,3,4,9,Potential
C02179,35,3,255243.43,4,1,5,10,Loyal
C02180,5,4,12988.740000000002,5,2,2,9,Potential
C02181,23,11,67997.61,4,5,4,13,VIP
C02182,129,6,56454.53,1,4,3,8,Potential
C02183,14,4,9247.23,5,2,1,8,Potential
C02184,107,6,55407.13,2,4,3,9,Potential
C02185,126,3,5682.5599999999995,1,1,1,3,Inactive
C02186,40,2,9436.23,3,1,1,5,At Risk
C02187,12,7,24657.63,5,5,2,12,Loyal
C02188,15,5,140688.0,5,3,5,13,VIP
C02189,131,5,29262.36,1,3,3,7,Potential
C02190,6,5,29504.289999999997,5,3,3,11,Loyal
C02191,41,3,188187.17,3,1,5,9,Potential
C02192,206,3,163621.91999999998,1,1,5,7,Potential
C02193,4,8,214415.03,5,5,5,15,VIP
C02194,4,13,91241.38,5,5,4,14,VIP
C02195,2,5,26056.67,5,3,3,11,Loyal
C02196,159,4,17135.07,1,2,2,5,At Risk
C02197,35,7,51895.85,4,5,3,12,Loyal
C02198,139,3,11866.46,1,1,1,3,Inactive
C02199,2,7,53586.76,5,5,3,13,VIP
C02200,326,3,7745.27,1,1,1,3,Inactive
C02201,42,7,33590.27,3,5,3,11,Loyal
C02202,23,4,121766.6,4,2,5,11,Loyal
C02203,26,4,242710.75999999998,4,2,5,11,Loyal
C02204,27,9,35876.43,4,5,3,12,Loyal
C02205,37,3,7467.77,3,1,1,5,At Risk
C02206,13,6,132282.78,5,4,5,14,VIP
C02207,22,2,23045.989999999998,4,1,2,7,Potential
C02208,41,5,95722.91,3,3,4,10,Loyal
C02209,110,4,66564.37999999999,2,2,4,8,Potential
C02210,91,7,189471.83000000002,2,5,5,12,Loyal
C02211,138,2,5018.33,1,1,1,3,Inactive
C02212,132,3,41170.89,1,1,3,5,At Risk
C02213,162,5,89798.06,1,3,4,8,Potential
C02214,114,3,5907.78,2,1,1,4,Inactive
C02215,75,5,67918.73,2,3,4,9,Potential
C02216,96,3,119250.3,2,1,5,8,Potential
C02217,75,6,116979.12,2,4,5,11,Loyal
C02218,151,7,74082.1,1,5,4,10,Loyal
C02219,105,5,66742.23,2,3,4,9,Potential
C02220,228,2,22934.350000000002,1,1,2,4,Inactive
C02221,76,5,13140.67,2,3,2,7,Potential
C02222,17,13,98610.5,4,5,4,13,VIP
C02223,40,8,88459.70000000001,3,5,4,12,Loyal
C02224,127,6,80742.94,1,4,4,9,Potential
C02225,34,7,10786.81,4,5,1,10,Loyal
C02226,24,5,10314.970000000001,4,3,1,8,Potential
C02227,29,3,6875.1900000000005,4,1,1,6,At Risk
C02228,15,9,76216.96,5,5,4,14,VIP
C02229,10,9,22765.489999999998,5,5,2,12,Loyal
C02230,1,5,86074.85,5,3,4,12,Loyal
C02231,22,4,16464.52,4,2,2,8,Potential
C02232,103,2,2167.74,2,1,1,4,Inactive
C02233,39,5,176422.19,3,3,5,11,Loyal
C02234,62,6,212800.84,3,4,5,12,Loyal
C02235,125,6,71115.69,1,4,4,9,Potential
C02236,29,7,39673.04,4,5,3,12,Loyal
C02237,318,1,23573.98,1,1,2,4,Inactive
C02238,39,5,194289.81999999998,3,3,5,11,Loyal
C02239,62,5,19445.63,3,3,2,8,Potential
C02240,24,5,17115.5,4,3,2,9,Potential
C02241,27,3,17267.04,4,1,2,7,Potential
C02242,101,5,25548.93,2,3,2,7,Potential
C02243,6,6,15239.1,5,4,2,11,Loyal
C02244,13,5,31136.61,5,3,3,11,Loyal
C02245,212,4,10889.3,1,2,1,4,Inactive
C02246,49,2,28873.1,3,1,3,7,Potential
C02247,178,4,57742.67,1,2,3,6,At Risk
C02248,242,1,728.89,1,1,1,3,Inactive
C02249,3,4,19630.59,5,2,2,9,Potential
C02250,158,3,9005.61,1,1,1,3,Inactive
C02251,43,4,40287.0,3,2,3,8,Potential
C02252,24,8,103680.08,4,5,4,13,VIP
C02253,2,10,50157.02,5,5,3,13,VIP
C02254,16,5,17220.41,5,3,2,10,Loyal
C02255,83,4,45804.85,2,2,3,7,Potential
C02256,48,4,8414.2,3,2,1,6,At Risk
C02257,183,3,12418.68,1,1,2,4,Inactive
C02258,306,3,7277.4,1,1,1,3,Inactive
C02259,179,5,26928.98,1,3,3,7,Potential
C02260,9,7,173997.28,5,5,5,15,VIP
C02261,142,5,73273.91,1,3,4,8,Potential
C02262,39,3,6333.1,3,1,1,5,At Risk
C02263,98,3,12392.93,2,1,2,5,At Risk
C02264,13,5,21190.539999999997,5,3,2,10,Loyal
C02265,14,7,27806.9,5,5,3,13,VIP
C02266,129,3,21028.45,1,1,2,4,Inactive
C02267,16,4,8553.41,5,2,1,8,Potential
C02268,20,6,120757.37,4,4,5,13,VIP
C02269,39,3,15085.480000000001,3,1,2,6,At Risk
C02270,30,10,221709.27,4,5,5,14,VIP
C02271,107,7,207878.85,2,5,5,12,Loyal
C02272,109,4,93577.35,2,2,4,8,Potential
C02273,57,6,69571.06,3,4,4,11,Loyal
C02274,44,4,36263.83,3,2,3,8,Potential
C02275,136,2,4366.08,1,1,1,3,Inactive
C02276,107,7,25249.710000000003,2,5,2,9,Potential
C02277,172,5,173406.51,1,3,5,9,Potential
C02278,49,5,11873.34,3,3,1,7,Potential
C02279,38,7,21923.129999999997,3,5,2,10,Loyal
C02280,17,5,71246.99,4,3,4,11,Loyal
C02281,212,5,98175.97,1,3,4,8,Potential
C02282,72,6,23577.489999999998,2,4,2,8,Potential
C02283,54,6,18372.24,3,4,2,9,Potential
C02284,38,6,14297.05,3,4,2,9,Potential
C02285,6,4,20355.469999999998,5,2,2,9,Potential
C02286,46,4,5385.36,3,2,1,6,At Risk
C02287,25,7,44123.32,4,5,3,12,Loyal
C02288,140,1,2388.22,1,1,1,3,Inactive
C02289,34,4,64474.43,4,2,4,10,Loyal
C02290,54,7,145559.46,3,5,5,13,VIP
C02291,4,8,26457.760000000002,5,5,3,13,VIP
C02292,7,7,222910.12,5,5,5,15,VIP
C02293,202,3,283637.37,1,1,5,7,Potential
C02294,74,2,62579.86,2,1,4,7,Potential
C02295,12,4,25128.08,5,2,2,9,Potential
C02296,3,7,16508.63,5,5,2,12,Loyal
C02297,18,9,36842.99,4,5,3,12,Loyal
C02298,10,7,88779.62,5,5,4,14,VIP
C02299,72,6,27097.2,2,4,3,9,Potential
C02300,177,3,118209.77,1,1,5,7,Potential
C02302,225,3,9626.08,1,1,1,3,Inactive
C02303,39,9,138206.77,3,5,5,13,VIP
C02304,40,6,39037.57,3,4,3,10,Loyal
C02305,89,2,4282.99,2,1,1,4,Inactive
C02306,13,9,80748.96,5,5,4,14,VIP
C02307,27,7,120721.01999999999,4,5,5,14,VIP
C02308,4,8,55336.39,5,5,3,13,VIP
C02309,29,6,12809.35,4,4,2,10,Loyal
C02310,42,6,47808.28,3,4,3,10,Loyal
C02311,5,4,31667.85,5,2,3,10,Loyal
C02312,2,7,85083.14,5,5,4,14,VIP
C02313,29,7,41148.91,4,5,3,12,Loyal
C02314,197,3,42783.08,1,1,3,5,At Risk
C02315,11,6,70600.41,5,4,4,13,VIP
C02316,89,4,13831.24,2,2,2,6,At Risk
C02317,99,5,40331.770000000004,2,3,3,8,Potential
C02318,17,5,43513.16,4,3,3,10,Loyal
C02319,280,1,764.59,1,1,1,3,Inactive
C02320,19,2,13462.310000000001,4,1,2,7,Potential
C02321,59,5,28097.53,3,3,3,9,Potential
C02322,24,9,208781.34999999998,4,5,5,14,VIP
C02323,48,7,24420.17,3,5,2,10,Loyal
C02324,123,3,14564.179999999998,1,1,2,4,Inactive
C02325,67,4,43351.46,3,2,3,8,Potential
C02326,115,6,14811.220000000001,2,4,2,8,Potential
C02327,30,4,5058.4400000000005,4,2,1,7,Potential
C02328,39,6,55619.36,3,4,3,10,Loyal
C02329,15,6,107319.77,5,4,4,13,VIP
C02330,46,3,61435.1,3,1,4,8,Potential
C02331,140,4,10952.86,1,2,1,4,Inactive
C02332,102,2,6336.72,2,1,1,4,Inactive
C02333,30,4,11304.88,4,2,1,7,Potential
C02334,29,5,26892.84,4,3,3,10,Loyal
C02335,19,4,14555.3,4,2,2,8,Potential
C02336,38,6,133488.94999999998,3,4,5,12,Loyal
C02337,8,6,105779.15000000001,5,4,4,13,VIP
C02338,24,4,32370.73,4,2,3,9,Potential
C02339,173,4,121192.34000000001,1,2,5,8,Potential
C02340,18,10,44848.13,4,5,3,12,Loyal
C02341,35,5,85568.45,4,3,4,11,Loyal
C02342,152,5,59595.979999999996,1,3,3,7,Potential
C02343,2,10,212706.55,5,5,5,15,VIP
C02344,16,7,42269.100000000006,5,5,3,13,VIP
C02345,191,2,2998.2599999999998,1,1,1,3,Inactive
C02346,44,5,144980.12,3,3,5,11,Loyal
C02347,18,4,70134.11,4,2,4,10,Loyal
C02348,197,2,5581.12,1,1,1,3,Inactive
C02349,44,7,18720.47,3,5,2,10,Loyal
C02350,35,5,175882.5,4,3,5,12,Loyal
C02351,66,5,54821.020000000004,3,3,3,9,Potential
C02352,25,9,54280.14,4,5,3,12,Loyal
C02353,125,2,6235.85,1,1,1,3,Inactive
C02354,78,4,64160.119999999995,2,2,4,8,Potential
C02355,141,6,322599.97,1,4,5,10,Loyal
C02356,34,4,42577.03,4,2,3,9,Potential
C02357,34,8,51364.05,4,5,3,12,Loyal
C02358,33,4,6210.71,4,2,1,7,Potential
C02359,14,5,18409.27,5,3,2,10,Loyal
C02360,90,4,36395.130000000005,2,2,3,7,Potential
C02361,19,3,40449.15,4,1,3,8,Potential
C02362,43,7,177149.96999999997,3,5,5,13,VIP
C02363,37,7,27517.620000000003,3,5,3,11,Loyal
C02364,2,5,19032.96,5,3,2,10,Loyal
C02365,25,11,348401.23000000004,4,5,5,14,VIP
C02366,202,2,8012.4,1,1,1,3,Inactive
C02367,218,2,5112.84,1,1,1,3,Inactive
C02368,31,10,132945.62,4,5,5,14,VIP
C02369,6,8,203736.41,5,5,5,15,VIP
C02370,228,1,995.71,1,1,1,3,Inactive
C02371,9,3,8615.17,5,1,1,7,Potential
C02372,22,4,113040.85,4,2,5,11,Loyal
C02373,232,4,12796.619999999999,1,2,2,5,At Risk
C02374,6,4,125508.36,5,2,5,12,Loyal
C02375,1,4,131313.44,5,2,5,12,Loyal
C02376,43,5,199564.75,3,3,5,11,Loyal
C02377,156,5,104021.81,1,3,4,8,Potential
C02378,19,5,54740.259999999995,4,3,3,10,Loyal
C02379,25,8,189452.65,4,5,5,14,VIP
C02380,10,5,469852.67000000004,5,3,5,13,VIP
C02381,109,6,18989.12,2,4,2,8,Potential
C02382,130,1,1409.85,1,1,1,3,Inactive
C02383,54,6,29620.57,3,4,3,10,Loyal
C02384,148,3,13095.35,1,1,2,4,Inactive
C02385,27,6,79309.6,4,4,4,12,Loyal
C02386,69,6,44963.42,2,4,3,9,Potential
C02387,203,5,15038.42,1,3,2,6,At Risk
C02388,248,1,1808.52,1,1,1,3,Inactive
C02389,38,3,6017.5,3,1,1,5,At Risk
C02390,19,6,48663.9,4,4,3,11,Loyal
C02391,129,3,32525.539999999997,1,1,3,5,At Risk
C02392,55,13,102415.65000000001,3,5,4,12,Loyal
C02393,59,3,60547.549999999996,3,1,4,8,Potential
C02394,130,2,10041.06,1,1,1,3,Inactive
C02395,39,9,40348.58,3,5,3,11,Loyal
C02396,6,6,33727.94,5,4,3,12,Loyal
C02397,65,3,13089.650000000001,3,1,2,6,At Risk
C02398,232,2,7675.71,1,1,1,3,Inactive
C02399,27,4,6577.700000000001,4,2,1,7,Potential
C02400,9,2,13189.050000000001,5,1,2,8,Potential
C02401,67,5,61140.59,3,3,4,10,Loyal
C02402,52,3,8125.48,3,1,1,5,At Risk
C02403,61,3,8059.45,3,1,1,5,At Risk
C02404,11,6,98957.64,5,4,4,13,VIP
C02405,24,4,17708.79,4,2,2,8,Potential
C02406,184,3,130261.1,1,1,5,7,Potential
C02407,19,5,119493.78,4,3,5,12,Loyal
C02408,23,4,19776.06,4,2,2,8,Potential
C02409,252,2,7821.45,1,1,1,3,Inactive
C02410,131,6,48946.36,1,4,3,8,Potential
C02411,33,8,91421.75,4,5,4,13,VIP
C02412,1,5,18674.59,5,3,2,10,Loyal
C02413,142,5,67004.08,1,3,4,8,Potential
C02414,7,8,551494.61,5,5,5,15,VIP
C02415,38,7,142834.2,3,5,5,13,VIP
C02416,1,4,10231.05,5,2,1,8,Potential
C02417,42,8,22648.14,3,5,2,10,Loyal
C02418,41,7,71353.61,3,5,4,12,Loyal
C02419,13,7,87666.16,5,5,4,14,VIP
C02420,117,2,6924.89,2,1,1,4,Inactive
C02421,46,3,8046.719999999999,3,1,1,5,At Risk
C02422,13,7,18648.95,5,5,2,12,Loyal
C02423,44,6,17850.4,3,4,2,9,Potential
C02424,109,8,69629.0,2,5,4,11,Loyal
C02425,19,4,9975.119999999999,4,2,1,7,Potential
C02426,9,3,6180.889999999999,5,1,1,7,Potential
C02427,28,7,40671.21,4,5,3,12,Loyal
C02428,37,6,32447.32,3,4,3,10,Loyal
C02429,28,5,38403.0,4,3,3,10,Loyal
C02430,22,6,17914.51,4,4,2,10,Loyal
C02431,9,7,127745.25,5,5,5,15,VIP
C02432,22,3,8991.69,4,1,1,6,At Risk
C02433,58,3,120680.59,3,1,5,9,Potential
C02434,20,9,147737.87,4,5,5,14,VIP
C02435,109,6,48348.33,2,4,3,9,Potential
C02436,17,9,67939.83,4,5,4,13,VIP
C02437,74,2,3095.94,2,1,1,4,Inactive
C02438,21,11,207039.33000000002,4,5,5,14,VIP
C02439,70,7,38038.29,2,5,3,10,Loyal
C02440,4,8,56177.78,5,5,3,13,VIP
C02441,73,6,15780.730000000001,2,4,2,8,Potential
C02442,28,7,45643.99,4,5,3,12,Loyal
C02443,1,8,131599.19,5,5,5,15,VIP
C02444,17,12,42284.03,4,5,3,12,Loyal
C02445,20,6,43398.649999999994,4,4,3,11,Loyal
C02446,67,10,71219.23,3,5,4,12,Loyal
C02447,173,5,96230.38,1,3,4,8,Potential
C02448,21,4,39155.42,4,2,3,9,Potential
C02449,22,4,5565.01,4,2,1,7,Potential
C02450,82,2,59545.35,2,1,3,6,At Risk
C02451,29,1,11305.51,4,1,1,6,At Risk
C02452,68,4,66629.07,2,2,4,8,Potential
C02453,17,2,2406.88,4,1,1,6,At Risk
C02454,282,3,14229.490000000002,1,1,2,4,Inactive
C02455,78,5,70844.25,2,3,4,9,Potential
C02456,134,2,5869.88,1,1,1,3,Inactive
C02457,11,6,94337.56999999999,5,4,4,13,VIP
C02458,68,7,211129.01,2,5,5,12,Loyal
C02459,56,4,13662.310000000001,3,2,2,7,Potential
C02460,4,8,248335.29,5,5,5,15,VIP
C02461,59,7,20934.22,3,5,2,10,Loyal
C02462,22,9,80665.01,4,5,4,13,VIP
C02463,149,6,12864.939999999999,1,4,2,7,Potential
C02464,110,3,59765.88,2,1,4,7,Potential
C02465,4,10,166619.66999999998,5,5,5,15,VIP
C02466,61,2,8298.79,3,1,1,5,At Risk
C02467,45,7,33805.25,3,5,3,11,Loyal
C02468,225,2,9078.33,1,1,1,3,Inactive
C02469,171,3,10025.279999999999,1,1,1,3,Inactive
C02470,75,7,36649.01,2,5,3,10,Loyal
C02471,29,6,26191.41,4,4,3,11,Loyal
C02472,5,10,193165.75999999998,5,5,5,15,VIP
C02473,65,3,6130.700000000001,3,1,1,5,At Risk
C02474,158,3,5513.55,1,1,1,3,Inactive
C02475,25,4,6746.8,4,2,1,7,Potential
C02476,111,7,27527.04,2,5,3,10,Loyal
C02477,10,5,173798.54,5,3,5,13,VIP
C02478,23,7,55322.3,4,5,3,12,Loyal
C02479,216,4,6765.37,1,2,1,4,Inactive
C02480,53,4,117533.82,3,2,5,10,Loyal
C02481,69,6,68493.53,2,4,4,10,Loyal
C02482,75,5,128165.23000000001,2,3,5,10,Loyal
C02483,82,6,284399.64,2,4,5,11,Loyal
C02484,25,3,5344.0,4,1,1,6,At Risk
C02485,95,4,15673.06,2,2,2,6,At Risk
C02486,210,3,8390.289999999999,1,1,1,3,Inactive
C02487,64,4,7269.01,3,2,1,6,At Risk
C02488,5,4,5470.11,5,2,1,8,Potential
C02489,98,5,149447.69,2,3,5,10,Loyal
C02490,13,5,39775.68,5,3,3,11,Loyal
C02491,67,6,25787.72,3,4,2,9,Potential
C02492,306,2,3360.2,1,1,1,3,Inactive
C02493,65,5,11002.44,3,3,1,7,Potential
C02494,42,6,10838.68,3,4,1,8,Potential
C02495,50,2,7573.75,3,1,1,5,At Risk
C02496,7,5,25985.05,5,3,2,10,Loyal
C02497,17,4,7184.99,4,2,1,7,Potential
C02498,175,5,79287.33,1,3,4,8,Potential
C02499,322,3,11293.73,1,2,1,4,Inactive
C02500,112,2,12442.470000000001,2,1,2,5,At Risk
C02501,106,6,24090.99,2,4,2,8,Potential
C02502,8,3,11575.29,5,2,1,8,Potential
C02503,13,5,91379.38,5,3,4,12,Loyal
C02504,64,8,32733.239999999998,3,5,3,11,Loyal
C02505,96,3,128758.01000000001,2,2,5,9,Potential
C02506,184,2,24615.85,1,1,2,4,Inactive
C02507,272,3,5767.55,1,2,1,4,Inactive
C02508,200,1,6939.26,1,1,1,3,Inactive
C02509,94,4,7512.360000000001,2,2,1,5,At Risk
C02510,197,4,31962.54,1,2,3,6,At Risk
C02511,128,4,192277.47,1,2,5,8,Potential
C02512,95,4,22385.85,2,2,2,6,At Risk
C02513,212,4,14372.19,1,2,2,5,At Risk
C02514,3,4,180875.41,5,2,5,12,Loyal
C02515,40,4,36382.69,3,2,3,8,Potential
C02516,61,5,28859.49,3,3,3,9,Potential
C02517,13,6,23902.3,5,4,2,11,Loyal
C02518,15,9,42960.35,5,5,3,13,VIP
C02519,11,8,27733.65,5,5,3,13,VIP
C02520,112,6,31679.920000000002,2,4,3,9,Potential
C02521,215,2,6843.58,1,1,1,3,Inactive
C02522,24,8,16857.59,4,5,2,11,Loyal
C02523,21,7,19138.34,4,5,2,11,Loyal
C02524,7,8,112522.2,5,5,5,15,VIP
C02525,74,5,10555.22,2,3,1,6,At Risk
C02526,83,3,5687.77,2,2,1,5,At Risk
C02527,87,6,80740.31,2,4,4,10,Loyal
C02528,8,4,10504.35,5,2,1,8,Potential
C02529,35,4,35687.1,4,2,3,9,Potential
C02530,76,7,15368.84,2,5,2,9,Potential
C02531,10,8,47070.29,5,5,3,13,VIP
C02532,119,7,21724.55,1,5,2,8,Potential
C02533,30,7,37615.26,4,5,3,12,Loyal
C02534,4,10,28637.760000000002,5,5,3,13,VIP
C02535,10,6,22410.05,5,4,2,11,Loyal
C02536,93,5,288008.17000000004,2,3,5,10,Loyal
C02537,79,3,5925.43,2,2,1,5,At Risk
C02538,11,6,71325.32,5,4,4,13,VIP
C02539,131,4,186226.59,1,2,5,8,Potential
C02540,9,6,37843.82,5,4,3,12,Loyal
C02541,88,5,45660.37,2,3,3,8,Potential
C02542,165,2,4161.57,1,1,1,3,Inactive
C02543,28,4,22768.739999999998,4,2,2,8,Potential
C02544,276,2,5240.31,1,1,1,3,Inactive
C02545,13,9,342864.21,5,5,5,15,VIP
C02546,90,6,111754.92000000001,2,4,5,11,Loyal
C02547,106,6,27952.489999999998,2,4,3,9,Potential
C02548,8,5,50591.11,5,3,3,11,Loyal
C02549,1,10,39019.590000000004,5,5,3,13,VIP
C02550,66,6,118166.99,3,4,5,12,Loyal
C02551,8,5,13297.36,5,3,2,10,Loyal
C02552,24,8,171109.19,4,5,5,14,VIP
C02553,14,3,4033.38,5,2,1,8,Potential
C02554,95,2,2527.04,2,1,1,4,Inactive
C02555,3,4,9335.78,5,2,1,8,Potential
C02556,300,1,5708.91,1,1,1,3,Inactive
C02557,109,3,9215.59,2,2,1,5,At Risk
C02558,12,5,210754.24000000002,5,3,5,13,VIP
C02559,37,7,20331.59,3,5,2,10,Loyal
C02560,99,3,30822.690000000002,2,2,3,7,Potential
C02561,263,2,4349.85,1,1,1,3,Inactive
C02562,16,4,303733.44,5,2,5,12,Loyal
C02563,15,3,8362.9,5,2,1,8,Potential
C02564,12,3,7886.33,5,2,1,8,Potential
C02565,69,3,10486.61,2,2,1,5,At Risk
C02566,55,9,139676.46000000002,3,5,5,13,VIP
C02567,115,5,37808.259999999995,2,3,3,8,Potential
C02568,34,5,31281.63,4,3,3,10,Loyal
C02569,29,9,86937.58,4,5,4,13,VIP
C02570,4,8,212478.33,5,5,5,15,VIP
C02571,132,7,140479.38,1,5,5,11,Loyal
C02572,56,3,6950.23,3,2,1,6,At Risk
C02573,44,9,19130.27,3,5,2,10,Loyal
C02574,79,5,70620.33,2,3,4,9,Potential
C02575,139,2,7890.969999999999,1,1,1,3,Inactive
C02576,127,3,7639.83,1,2,1,4,Inactive
C02577,77,7,96911.17,2,5,4,11,Loyal
C02578,43,7,99632.76,3,5,4,12,Loyal
C02579,53,3,17050.0,3,2,2,7,Potential
C02580,91,8,44564.29,2,5,3,10,Loyal
C02581,109,4,12359.66,2,2,2,6,At Risk
C02582,49,8,205633.37,3,5,5,13,VIP
C02583,55,4,118109.92,3,2,5,10,Loyal
C02584,112,2,1567.87,2,1,1,4,Inactive
C02585,9,3,7904.89,5,2,1,8,Potential
C02586,57,4,75421.91,3,2,4,9,Potential
C02587,69,6,132797.33,2,4,5,11,Loyal
C02588,52,9,357104.41,3,5,5,13,VIP
C02589,34,7,15647.91,4,5,2,11,Loyal
C02590,135,8,76421.06,1,5,4,10,Loyal
C02591,166,2,5522.65,1,1,1,3,Inactive
C02592,92,5,19075.949999999997,2,3,2,7,Potential
C02593,75,3,14122.759999999998,2,2,2,6,At Risk
C02594,37,7,67780.2,3,5,4,12,Loyal
C02595,63,6,37793.77,3,4,3,10,Loyal
C02596,112,2,6093.73,2,1,1,4,Inactive
C02597,52,8,16994.75,3,5,2,10,Loyal
C02598,103,4,67217.76000000001,2,2,4,8,Potential
C02599,33,6,46721.32,4,4,3,11,Loyal
C02600,40,8,40165.55,3,5,3,11,Loyal
C02602,97,5,44728.78999999999,2,3,3,8,Potential
C02603,7,5,29756.39,5,3,3,11,Loyal
C02604,223,4,30079.05,1,2,3,6,At Risk
C02605,33,2,3867.0299999999997,4,1,1,6,At Risk
C02606,2,11,148284.5,5,5,5,15,VIP
C02607,36,7,26181.81,4,5,3,12,Loyal
C02608,100,5,87255.48999999999,2,3,4,9,Potential
C02609,80,3,67068.23,2,2,4,8,Potential
C02610,305,1,122592.48,1,1,5,7,Potential
C02611,178,4,200174.51,1,2,5,8,Potential
C02612,46,3,50345.98,3,2,3,8,Potential
C02613,108,6,20617.65,2,4,2,8,Potential
C02614,32,6,20244.46,4,4,2,10,Loyal
C02615,183,4,22805.92,1,2,2,5,At Risk
C02616,76,5,16253.09,2,3,2,7,Potential
C02617,39,9,31523.23,3,5,3,11,Loyal
C02618,48,8,269805.54,3,5,5,13,VIP
C02619,133,6,160001.52,1,4,5,10,Loyal
C02620,4,9,166045.69,5,5,5,15,VIP
C02621,212,3,120492.81,1,2,5,8,Potential
C02622,3,8,24752.989999999998,5,5,2,12,Loyal
C02623,18,3,11973.02,4,2,1,7,Potential
C02624,95,4,116049.68999999999,2,2,5,9,Potential
C02625,17,6,75120.06,4,4,4,12,Loyal
C02626,1,6,153690.63,5,4,5,14,VIP
C02627,48,1,7518.69,3,1,1,5,At Risk
C02628,1,11,115466.81999999999,5,5,5,15,VIP
C02629,9,6,17519.88,5,4,2,11,Loyal
C02630,28,7,43369.86,4,5,3,12,Loyal
C02631,46,8,19757.15,3,5,2,10,Loyal
C02632,51,5,81501.29,3,3,4,10,Loyal
C02633,19,4,9049.98,4,2,1,7,Potential
C02634,292,3,252750.0,1,2,5,8,Potential
C02635,28,7,9397.85,4,5,1,10,Loyal
C02636,42,5,20641.87,3,3,2,8,Potential
C02637,110,3,33302.57,2,2,3,7,Potential
C02638,91,4,30872.43,2,2,3,7,Potential
C02639,59,12,98883.11,3,5,4,12,Loyal
C02640,23,4,169059.01,4,2,5,11,Loyal
C02641,18,5,43439.920000000006,4,3,3,10,Loyal
C02642,90,6,33361.95,2,4,3,9,Potential
C02643,1,5,57944.950000000004,5,3,3,11,Loyal
C02644,105,5,26465.08,2,3,3,8,Potential
C02645,190,1,726.97,1,1,1,3,Inactive
C02646,76,2,10932.32,2,1,1,4,Inactive
C02647,20,3,8261.33,4,2,1,7,Potential
C02648,78,4,18363.75,2,2,2,6,At Risk
C02649,23,5,51179.67,4,3,3,10,Loyal
C02650,52,2,11995.529999999999,3,1,1,5,At Risk
C02651,33,8,196862.12,4,5,5,14,VIP
C02652,78,5,73233.37,2,3,4,9,Potential
C02653,50,4,8367.99,3,2,1,6,At Risk
C02654,74,3,14441.130000000001,2,2,2,6,At Risk
C02655,38,9,105923.25,3,5,4,12,Loyal
C02656,13,4,64213.11,5,2,4,11,Loyal
C02657,89,5,97966.26,2,3,4,9,Potential
C02658,16,6,141873.14,5,4,5,14,VIP
C02659,1,4,132403.69,5,2,5,12,Loyal
C02660,135,5,213120.47,1,3,5,9,Potential
C02661,205,2,13717.77,1,1,2,4,Inactive
C02662,45,4,8285.439999999999,3,2,1,6,At Risk
C02663,64,3,22174.19,3,2,2,7,Potential
C02664,129,4,8120.05,1,2,1,4,Inactive
C02665,6,9,33328.44,5,5,3,13,VIP
C02666,13,6,121641.39,5,4,5,14,VIP
C02667,36,9,61193.12,4,5,4,13,VIP
C02668,62,5,22484.39,3,3,2,8,Potential
C02669,110,3,16938.12,2,2,2,6,At Risk
C02670,17,2,16742.71,4,1,2,7,Potential
C02671,20,6,241047.54,4,4,5,13,VIP
C02672,83,8,48665.79,2,5,3,10,Loyal
C02673,13,7,42245.03,5,5,3,13,VIP
C02674,18,2,9402.36,4,1,1,6,At Risk
C02675,8,6,118689.83,5,4,5,14,VIP
C02676,14,9,79471.99,5,5,4,14,VIP
C02677,176,3,8601.2,1,2,1,4,Inactive
C02678,10,7,41247.53,5,5,3,13,VIP
C02679,53,4,204875.66,3,2,5,10,Loyal
C02680,60,5,65392.3,3,3,4,10,Loyal
C02681,190,4,14527.97,1,2,2,5,At Risk
C02682,114,7,79224.05,2,5,4,11,Loyal
C02683,65,8,75575.18,3,5,4,12,Loyal
C02684,42,3,10584.88,3,2,1,6,At Risk
C02685,60,3,18572.09,3,2,2,7,Potential
C02686,87,4,17800.58,2,2,2,6,At Risk
C02687,108,9,56275.32,2,5,3,10,Loyal
C02688,21,8,88639.84999999999,4,5,4,13,VIP
C02689,39,2,88860.78,3,1,4,8,Potential
C02690,47,5,19747.46,3,3,2,8,Potential
C02691,25,8,35064.15,4,5,3,12,Loyal
C02692,6,4,136531.1,5,2,5,12,Loyal
C02693,125,8,17601.510000000002,1,5,2,8,Potential
C02694,15,10,104993.03,5,5,4,14,VIP
C02695,39,8,113257.87000000001,3,5,5,13,VIP
C02696,71,5,67743.84,2,3,4,9,Potential
C02697,54,3,12208.68,3,2,2,7,Potential
C02698,134,2,163463.54,1,1,5,7,Potential
C02699,33,6,295271.66,4,4,5,13,VIP
C02700,11,7,71534.14,5,5,4,14,VIP
C02701,38,6,36471.47,3,4,3,10,Loyal
C02702,31,8,100492.42,4,5,4,13,VIP
C02703,164,6,265210.80000000005,1,4,5,10,Loyal
C02704,199,4,5624.9,1,2,1,4,Inactive
C02705,57,4,66084.87,3,2,4,9,Potential
C02706,222,4,35677.479999999996,1,2,3,6,At Risk
C02707,155,2,122673.13,1,1,5,7,Potential
C02709,40,5,10252.71,3,3,1,7,Potential
C02710,56,8,43918.170000000006,3,5,3,11,Loyal
C02711,56,4,200066.72,3,2,5,10,Loyal
C02712,1,10,70760.31,5,5,4,14,VIP
C02713,119,6,120785.31999999999,1,4,5,10,Loyal
C02714,19,3,37417.740000000005,4,2,3,9,Potential
C02715,26,7,43999.22,4,5,3,12,Loyal
C02716,18,5,22744.9,4,3,2,9,Potential
C02717,316,2,39767.56,1,1,3,5,At Risk
C02718,45,3,103378.87,3,2,4,9,Potential
C02719,50,7,45955.69,3,5,3,11,Loyal
C02720,68,5,9732.08,2,3,1,6,At Risk
C02721,79,5,14993.86,2,3,2,7,Potential
C02722,18,8,97938.65,4,5,4,13,VIP
C02723,11,8,107033.72,5,5,4,14,VIP
C02724,38,7,64152.46000000001,3,5,4,12,Loyal
C02725,56,6,172188.8,3,4,5,12,Loyal
C02726,20,7,94890.22,4,5,4,13,VIP
C02727,250,3,5380.15,1,2,1,4,Inactive
C02728,54,5,154396.15,3,3,5,11,Loyal
C02729,74,5,67831.87,2,3,4,9,Potential
C02730,13,3,61456.42,5,2,4,11,Loyal
C02731,38,5,53097.85,3,3,3,9,Potential
C02732,34,3,13054.36,4,2,2,8,Potential
C02733,99,4,68831.86,2,2,4,8,Potential
C02734,20,4,31284.86,4,2,3,9,Potential
C02735,40,3,11785.08,3,2,1,6,At Risk
C02736,7,3,108417.09,5,2,4,11,Loyal
C02737,202,4,8272.2,1,2,1,4,Inactive
C02738,42,3,6958.950000000001,3,2,1,6,At Risk
C02739,22,6,117213.37999999999,4,4,5,13,VIP
C02740,265,3,212922.87999999998,1,2,5,8,Potential
C02741,35,5,175839.36,4,3,5,12,Loyal
C02742,88,4,12138.25,2,2,2,6,At Risk
C02743,57,6,20765.25,3,4,2,9,Potential
C02744,116,4,14531.67,2,2,2,6,At Risk
C02745,44,5,43502.53,3,3,3,9,Potential
C02746,156,6,117708.57999999999,1,4,5,10,Loyal
C02747,52,5,126811.83,3,3,5,11,Loyal
C02748,61,8,21170.75,3,5,2,10,Loyal
C02749,2,7,40722.17999999999,5,5,3,13,VIP
C02750,146,6,282390.05,1,4,5,10,Loyal
C02751,53,2,138372.63,3,1,5,9,Potential
C02752,6,6,39304.96,5,4,3,12,Loyal
C02753,240,3,12571.42,1,2,2,5,At Risk
C02754,72,5,17245.440000000002,2,3,2,7,Potential
C02755,1,4,8099.79,5,2,1,8,Potential
C02756,178,6,13208.3,1,4,2,7,Potential
C02757,243,1,26622.45,1,1,3,5,At Risk
C02758,136,3,67171.6,1,2,4,7,Potential
C02759,86,4,10359.390000000001,2,2,1,5,At Risk
C02760,58,4,157173.37999999998,3,2,5,10,Loyal
C02761,25,6,73881.05,4,4,4,12,Loyal
C02762,158,4,17604.7,1,2,2,5,At Risk
C02763,31,7,18909.86,4,5,2,11,Loyal
C02764,84,3,8919.2,2,2,1,5,At Risk
C02765,8,4,11960.97,5,2,1,8,Potential
C02766,23,6,72483.87,4,4,4,12,Loyal
C02767,8,3,9322.09,5,2,1,8,Potential
C02768,313,1,11300.63,1,1,1,3,Inactive
C02769,26,4,15869.86,4,2,2,8,Potential
C02770,8,5,93801.66,5,3,4,12,Loyal
C02771,4,9,266007.7,5,5,5,15,VIP
C02772,38,6,8024.96,3,4,1,8,Potential
C02773,244,3,10642.810000000001,1,2,1,4,Inactive
C02774,14,6,45933.79,5,4,3,12,Loyal
C02775,18,3,4250.5599999999995,4,2,1,7,Potential
C02776,89,6,21430.82,2,4,2,8,Potential
C02777,27,2,8733.220000000001,4,1,1,6,At Risk
C02778,99,4,13535.9,2,2,2,6,At Risk
C02779,11,2,9690.47,5,1,1,7,Potential
C02780,25,4,12806.71,4,2,2,8,Potential
C02781,104,9,253071.93,2,5,5,12,Loyal
C02782,16,3,178435.65999999997,5,2,5,12,Loyal
C02783,21,5,40806.72,4,3,3,10,Loyal
C02784,25,3,10169.66,4,2,1,7,Potential
C02785,43,5,10228.4,3,3,1,7,Potential
C02786,21,4,106824.61,4,2,4,10,Loyal
C02787,300,1,1820.26,1,1,1,3,Inactive
C02788,82,6,42646.1,2,4,3,9,Potential
C02789,81,3,11127.33,2,2,1,5,At Risk
C02790,104,10,39961.25,2,5,3,10,Loyal
C02791,52,6,215566.62999999998,3,4,5,12,Loyal
C02792,62,5,29324.21,3,3,3,9,Potential
C02793,139,3,29669.89,1,2,3,6,At Risk
C02794,68,7,64234.399999999994,2,5,4,11,Loyal
C02795,48,3,124109.2,3,2,5,10,Loyal
C02796,90,5,67217.73,2,3,4,9,Potential
C02797,2,9,164952.44,5,5,5,15,VIP
C02798,115,5,225629.58000000002,2,3,5,10,Loyal
C02799,100,6,179230.44,2,4,5,11,Loyal
C02800,66,5,63281.82,3,3,4,10,Loyal
C02801,36,5,17985.05,4,3,2,9,Potential
C02802,60,8,58134.159999999996,3,5,3,11,Loyal
C02803,28,5,119586.90000000001,4,3,5,12,Loyal
C02804,113,7,261563.27000000002,2,5,5,12,Loyal
C02805,41,3,11124.96,3,2,1,6,At Risk
C02806,78,2,3153.0699999999997,2,1,1,4,Inactive
C02807,58,3,12092.58,3,2,2,7,Potential
C02808,103,3,169641.22,2,2,5,9,Potential
C02809,84,5,9074.23,2,3,1,6,At Risk
C02810,51,6,143869.16,3,4,5,12,Loyal
C02811,50,7,127836.53,3,5,5,13,VIP
C02812,98,6,23034.190000000002,2,4,2,8,Potential
C02813,121,5,22035.64,1,3,2,6,At Risk
C02814,33,3,9670.13,4,2,1,7,Potential
C02815,41,6,15662.779999999999,3,4,2,9,Potential
C02816,37,4,161179.02,3,2,5,10,Loyal
C02817,234,3,6737.29,1,2,1,4,Inactive
C02818,25,6,25780.129999999997,4,4,2,10,Loyal
C02819,41,8,30664.15,3,5,3,11,Loyal
C02820,3,6,75675.92,5,4,4,13,VIP
C02821,49,5,25546.04,3,3,2,8,Potential
C02822,87,7,139532.49,2,5,5,12,Loyal
C02823,11,7,188703.74,5,5,5,15,VIP
C02824,35,5,11655.710000000001,4,3,1,8,Potential
C02825,27,5,12497.79,4,3,2,9,Potential
C02826,152,2,55525.07,1,1,3,5,At Risk
C02827,40,8,423207.89,3,5,5,13,VIP
C02828,109,4,50271.5,2,2,3,7,Potential
C02829,219,3,7194.66,1,2,1,4,Inactive
C02830,33,4,18566.489999999998,4,2,2,8,Potential
C02831,23,9,45390.88,4,5,3,12,Loyal
C02832,142,4,87731.2,1,2,4,7,Potential
C02833,1,7,166499.7,5,5,5,15,VIP
C02834,5,8,220679.93,5,5,5,15,VIP
C02835,111,6,66641.03,2,4,4,10,Loyal
C02836,17,8,178055.55,4,5,5,14,VIP
C02837,36,10,31787.51,4,5,3,12,Loyal
C02838,277,3,5965.29,1,2,1,4,Inactive
C02839,27,10,99988.48999999999,4,5,4,13,VIP
C02840,23,4,42403.05,4,2,3,9,Potential
C02841,143,3,18307.75,1,2,2,5,At Risk
C02842,20,4,240049.12,4,2,5,11,Loyal
C02843,86,5,85929.23999999999,2,3,4,9,Potential
C02844,95,6,58747.09,2,4,3,9,Potential
C02845,2,6,30506.21,5,4,3,12,Loyal
C02846,29,9,209164.52999999997,4,5,5,14,VIP
C02847,25,5,15690.9,4,3,2,9,Potential
C02848,97,6,8638.2,2,4,1,7,Potential
C02849,71,5,13067.62,2,3,2,7,Potential
C02850,23,5,46291.03,4,3,3,10,Loyal
C02851,82,4,122746.57999999999,2,2,5,9,Potential
C02852,85,6,127271.27,2,4,5,11,Loyal
C02853,63,4,10724.26,3,2,1,6,At Risk
C02854,109,4,188883.7,2,2,5,9,Potential
C02855,274,1,3473.86,1,1,1,3,Inactive
C02856,59,4,6148.17,3,2,1,6,At Risk
C02857,109,6,307546.73,2,4,5,11,Loyal
C02858,73,7,46903.119999999995,2,5,3,10,Loyal
C02859,69,2,7348.58,2,1,1,4,Inactive
C02861,8,10,16534.86,5,5,2,12,Loyal
C02862,7,3,14870.310000000001,5,2,2,9,Potential
C02863,174,4,99768.14,1,2,4,7,Potential
C02864,130,3,5694.58,1,2,1,4,Inactive
C02865,42,7,74788.64,3,5,4,12,Loyal
C02866,70,5,61200.82000000001,2,3,4,9,Potential
C02867,28,8,241549.33,4,5,5,14,VIP
C02868,19,4,47381.85,4,2,3,9,Potential
C02869,135,4,102482.37,1,2,4,7,Potential
C02870,36,6,9643.12,4,4,1,9,Potential
C02871,64,2,82351.05,3,1,4,8,Potential
C02872,50,6,84276.73,3,4,4,11,Loyal
C02873,78,2,9002.970000000001,2,1,1,4,Inactive
C02874,54,1,1712.42,3,1,1,5,At Risk
C02875,11,4,107615.92,5,2,4,11,Loyal
C02876,277,1,9150.45,1,1,1,3,Inactive
C02877,43,5,21577.8,3,3,2,8,Potential
C02878,55,6,49111.67,3,4,3,10,Loyal
C02879,7,2,3050.4700000000003,5,1,1,7,Potential
C02880,6,7,256773.75999999998,5,5,5,15,VIP
C02881,8,4,7672.49,5,2,1,8,Potential
C02882,23,5,40545.01,4,3,3,10,Loyal
C02883,93,5,96363.43000000001,2,3,4,9,Potential
C02884,21,6,55150.950000000004,4,4,3,11,Loyal
C02885,51,10,168387.59,3,5,5,13,VIP
C02886,183,3,40971.57,1,2,3,6,At Risk
C02887,17,4,16360.070000000002,4,2,2,8,Potential
C02888,47,4,16735.11,3,2,2,7,Potential
C02889,10,6,29352.29,5,4,3,12,Loyal
C02890,31,2,14045.9,4,1,2,7,Potential
C02891,1,4,14715.66,5,2,2,9,Potential
C02892,14,4,42512.22,5,2,3,10,Loyal
C02893,66,6,17452.11,3,4,2,9,Potential
C02894,37,7,49352.31,3,5,3,11,Loyal
C02895,14,3,27937.54,5,2,3,10,Loyal
C02896,105,7,86873.13,2,5,4,11,Loyal
C02897,18,6,15922.12,4,4,2,10,Loyal
C02898,80,8,33317.06,2,5,3,10,Loyal
C02899,15,4,61123.600000000006,5,2,4,11,Loyal
C02900,35,4,155140.61,4,2,5,11,Loyal
C02901,49,6,51703.27,3,4,3,10,Loyal
C02902,149,1,723.05,1,1,1,3,Inactive
C02903,8,6,23325.420000000002,5,4,2,11,Loyal
C02904,99,3,8552.75,2,2,1,5,At Risk
C02905,94,7,16395.96,2,5,2,9,Potential
C02906,169,5,65233.270000000004,1,3,4,8,Potential
C02907,115,6,73033.56999999999,2,4,4,10,Loyal
C02908,9,6,75508.02,5,4,4,13,VIP
C02909,48,4,8768.1,3,2,1,6,At Risk
C02910,61,8,245828.54,3,5,5,13,VIP
C02911,200,4,42323.05,1,2,3,6,At Risk
C02912,353,1,3110.64,1,1,1,3,Inactive
C02913,9,9,65376.06,5,5,4,14,VIP
C02914,17,6,17552.64,4,4,2,10,Loyal
C02915,36,6,107675.11,4,4,4,12,Loyal
C02916,169,4,13071.560000000001,1,2,2,5,At Risk
C02917,32,5,75027.72,4,3,4,11,Loyal
C02918,18,4,68050.67,4,2,4,10,Loyal
C02919,200,5,22873.489999999998,1,3,2,6,At Risk
C02920,66,4,125421.09000000001,3,2,5,10,Loyal
C02921,20,4,6648.2699999999995,4,2,1,7,Potential
C02922,26,9,22380.56,4,5,2,11,Loyal
C02923,3,7,126439.81,5,5,5,15,VIP
C02924,33,6,82107.3,4,4,4,12,Loyal
C02925,30,5,7940.59,4,3,1,8,Potential
C02926,22,7,95201.13,4,5,4,13,VIP
C02927,119,4,6377.73,1,2,1,4,Inactive
C02928,4,3,163596.48,5,2,5,12,Loyal
C02929,168,5,63826.439999999995,1,3,4,8,Potential
C02930,131,3,4718.28,1,2,1,4,Inactive
C02931,159,3,332927.53,1,2,5,8,Potential
C02932,61,6,127381.17,3,4,5,12,Loyal
C02933,2,4,110518.24,5,2,4,11,Loyal
C02934,11,6,13574.439999999999,5,4,2,11,Loyal
C02935,6,8,30879.14,5,5,3,13,VIP
C02936,34,4,114308.15,4,2,5,11,Loyal
C02937,114,4,65514.07,2,2,4,8,Potential
C02938,4,7,70971.57,5,5,4,14,VIP
C02939,28,4,15540.560000000001,4,2,2,8,Potential
C02940,41,4,58821.09,3,2,3,8,Potential
C02941,28,7,20569.14,4,5,2,11,Loyal
C02942,1,9,75562.41,5,5,4,14,VIP
C02943,53,4,17701.76,3,2,2,7,Potential
C02944,106,4,61905.37,2,2,4,8,Potential
C02945,46,8,102483.69,3,5,4,12,Loyal
C02946,71,5,12230.529999999999,2,3,2,7,Potential
C02947,189,5,72961.08,1,3,4,8,Potential
C02948,44,9,30630.05,3,5,3,11,Loyal
C02949,9,8,168004.91,5,5,5,15,VIP
C02950,88,4,105065.48999999999,2,2,4,8,Potential
C02951,77,2,2468.43,2,1,1,4,Inactive
C02952,23,9,76488.72,4,5,4,13,VIP
C02953,1,4,14077.630000000001,5,2,2,9,Potential
C02954,2,2,31710.61,5,1,3,9,Potential
C02955,231,2,3709.05,1,1,1,3,Inactive
C02956,10,4,5248.18,5,2,1,8,Potential
C02957,2,7,74078.04000000001,5,5,4,14,VIP
C02958,97,6,15450.13,2,4,2,8,Potential
C02959,76,5,16026.09,2,3,2,7,Potential
C02960,10,7,221142.93,5,5,5,15,VIP
C02961,253,4,14446.84,1,2,2,5,At Risk
C02962,41,4,32803.42,3,2,3,8,Potential
C02963,6,4,19685.55,5,2,2,9,Potential
C02964,15,10,61122.8,5,5,4,14,VIP
C02965,217,4,127848.77,1,2,5,8,Potential
C02966,53,2,3509.9300000000003,3,1,1,5,At Risk
C02967,10,3,11853.14,5,2,1,8,Potential
C02968,95,6,58086.58,2,4,3,9,Potential
C02969,1,3,6650.37,5,2,1,8,Potential
C02970,49,2,8812.08,3,1,1,5,At Risk
C02971,107,6,66039.64,2,4,4,10,Loyal
C02972,30,4,7317.33,4,2,1,7,Potential
C02973,33,8,205602.85,4,5,5,14,VIP
C02974,14,5,12843.55,5,3,2,10,Loyal
C02975,25,5,135897.71000000002,4,3,5,12,Loyal
C02976,18,5,80629.15000000001,4,3,4,11,Loyal
C02977,66,3,10882.52,3,2,1,6,At Risk
C02978,93,8,40487.04,2,5,3,10,Loyal
C02979,121,3,119673.38999999998,1,2,5,8,Potential
C02980,51,6,45070.68,3,4,3,10,Loyal
C02981,9,6,92949.48000000001,5,4,4,13,VIP
C02982,23,4,43639.54,4,2,3,9,Potential
C02983,9,6,24413.42,5,4,2,11,Loyal
C02984,95,2,26692.62,2,1,3,6,At Risk
C02985,32,8,124086.9,4,5,5,14,VIP
C02986,1,5,24805.43,5,3,2,10,Loyal
C02987,8,8,101877.98,5,5,4,14,VIP
C02988,6,4,53872.41,5,2,3,10,Loyal
C02989,82,3,7310.200000000001,2,2,1,5,At Risk
C02990,103,3,12214.84,2,2,2,6,At Risk
C02991,28,4,21308.61,4,2,2,8,Potential
C02992,17,7,44948.02,4,5,3,12,Loyal
C02993,123,4,19793.79,1,2,2,5,At Risk
C02994,99,7,20726.54,2,5,2,9,Potential
C02995,2,7,147393.78,5,5,5,15,VIP
C02996,55,5,61034.04,3,3,4,10,Loyal
C02997,84,7,18679.33,2,5,2,9,Potential
C02998,73,4,16476.08,2,2,2,6,At Risk
C02999,67,2,4295.38,2,1,1,4,Inactive
C03000,218,7,101993.96,1,5,4,10,Loyal
C03001,17,8,98739.55,4,5,4,13,VIP
C03002,20,6,16068.0,4,4,2,10,Loyal
C03003,19,5,127497.51999999999,4,3,5,12,Loyal
C03004,158,6,38977.83,1,4,3,8,Potential
C03005,227,2,5497.32,1,1,1,3,Inactive
C03006,3,6,17873.79,5,4,2,11,Loyal
C03007,32,5,161052.69999999998,4,3,5,12,Loyal
C03008,41,8,89939.62,3,5,4,12,Loyal
C03009,64,4,101790.76,3,2,4,9,Potential
C03010,176,2,8008.23,1,1,1,3,Inactive
C03011,28,7,102038.16,4,5,4,13,VIP
C03012,94,2,9173.68,2,1,1,4,Inactive
C03013,171,3,9704.26,1,2,1,4,Inactive
C03014,236,1,2121.39,1,1,1,3,Inactive
C03015,192,2,3333.41,1,1,1,3,Inactive
C03016,44,4,14378.77,3,2,2,7,Potential
C03017,44,4,21495.45,3,2,2,7,Potential
C03018,2,9,101568.68000000001,5,5,4,14,VIP
C03019,13,5,24343.9,5,3,2,10,Loyal
C03020,79,7,77863.95,2,5,4,11,Loyal
C03021,35,9,106046.56,4,5,4,13,VIP
C03022,32,6,193451.31,4,4,5,13,VIP
C03023,218,2,5684.55,1,1,1,3,Inactive
C03024,43,4,112415.24,3,2,5,10,Loyal
C03025,123,6,26356.059999999998,1,4,3,8,Potential
C03026,18,3,63988.05,4,2,4,10,Loyal
C03027,145,7,31806.18,1,5,3,9,Potential
C03028,17,5,12060.539999999999,4,3,2,9,Potential
C03029,63,6,22760.95,3,4,2,9,Potential
C03030,47,6,104315.46,3,4,4,11,Loyal
C03031,2,7,63883.17999999999,5,5,4,14,VIP
C03032,3,6,12107.4,5,4,2,11,Loyal
C03033,60,6,20792.33,3,4,2,9,Potential
C03034,9,5,13995.93,5,3,2,10,Loyal
C03035,73,7,64968.299999999996,2,5,4,11,Loyal
C03036,18,3,8802.960000000001,4,2,1,7,Potential
C03037,253,1,2140.64,1,1,1,3,Inactive
C03038,29,4,13281.69,4,2,2,8,Potential
C03039,202,3,5290.29,1,2,1,4,Inactive
C03040,22,4,14490.46,4,2,2,8,Potential
C03041,46,6,20908.83,3,4,2,9,Potential
C03042,141,4,225283.56,1,2,5,8,Potential
C03043,46,7,51091.42,3,5,3,11,Loyal
C03044,49,10,86208.4,3,5,4,12,Loyal
C03045,32,7,45739.01,4,5,3,12,Loyal
C03046,3,4,15122.59,5,2,2,9,Potential
C03047,4,4,42796.130000000005,5,2,3,10,Loyal
C03048,47,2,27640.24,3,1,3,7,Potential
C03049,264,1,49965.92,1,1,3,5,At Risk
C03050,31,7,87543.78,4,5,4,13,VIP
C03051,103,4,6829.77,2,2,1,5,At Risk
C03052,146,2,6487.9,1,1,1,3,Inactive
C03053,135,4,45161.96,1,2,3,6,At Risk
C03054,62,5,18413.93,3,3,2,8,Potential
C03055,95,3,5098.42,2,2,1,5,At Risk
C03056,212,6,30022.649999999998,1,4,3,8,Potential
C03057,111,4,65356.53999999999,2,2,4,8,Potential
C03058,221,1,659.48,1,1,1,3,Inactive
C03059,214,1,3340.6,1,1,1,3,Inactive
C03060,74,7,140144.81,2,5,5,12,Loyal
C03061,57,4,234116.53,3,2,5,10,Loyal
C03062,14,6,48116.28,5,4,3,12,Loyal
C03063,105,5,80043.40000000001,2,3,4,9,Potential
C03064,10,3,24849.22,5,2,2,9,Potential
C03065,7,5,16447.31,5,3,2,10,Loyal
C03066,20,8,83151.27,4,5,4,13,VIP
C03067,100,3,7257.87,2,2,1,5,At Risk
C03068,77,6,171017.76,2,4,5,11,Loyal
C03069,25,9,28757.07,4,5,3,12,Loyal
C03070,13,9,50162.39000000001,5,5,3,13,VIP
C03071,101,5,263878.75,2,3,5,10,Loyal
C03072,23,5,62571.07,4,3,4,11,Loyal
C03073,33,7,132836.84,4,5,5,14,VIP
C03074,37,7,16499.14,3,5,2,10,Loyal
C03075,275,1,249306.76,1,1,5,7,Potential
C03076,107,5,9923.41,2,3,1,6,At Risk
C03077,30,8,101968.91,4,5,4,13,VIP
C03078,66,9,65670.59999999999,3,5,4,12,Loyal
C03079,72,2,49025.89,2,1,3,6,At Risk
C03080,20,4,29115.01,4,2,3,9,Potential
C03081,17,3,57272.59,4,2,3,9,Potential
C03082,200,6,96541.22,1,4,4,9,Potential
C03083,50,2,59682.78,3,1,4,8,Potential
C03084,6,4,17147.21,5,2,2,9,Potential
C03085,101,5,98758.90000000001,2,3,4,9,Potential
C03086,32,8,52083.88,4,5,3,12,Loyal
C03087,109,4,75321.49,2,2,4,8,Potential
C03088,91,5,60823.62,2,3,4,9,Potential
C03089,74,6,52857.63,2,4,3,9,Potential
C03090,103,4,318052.29000000004,2,2,5,9,Potential
C03091,37,7,17526.98,3,5,2,10,Loyal
C03092,24,8,138990.9,4,5,5,14,VIP
C03093,49,8,53089.44,3,5,3,11,Loyal
C03094,9,5,16295.029999999999,5,3,2,10,Loyal
C03095,80,5,9933.619999999999,2,3,1,6,At Risk
C03096,5,4,29542.29,5,2,3,10,Loyal
C03097,141,5,9800.19,1,3,1,5,At Risk
C03098,211,6,59986.69,1,4,4,9,Potential
C03099,92,4,15768.01,2,2,2,6,At Risk
C03100,80,7,25091.79,2,5,2,9,Potential
C03101,7,8,99540.45,5,5,4,14,VIP
C03102,45,8,212989.69,3,5,5,13,VIP
C03103,133,6,75447.73000000001,1,4,4,9,Potential
C03104,60,3,17720.59,3,2,2,7,Potential
C03105,215,2,20345.46,1,1,2,4,Inactive
C03107,162,4,18632.13,1,2,2,5,At Risk
C03108,91,3,63429.92,2,2,4,8,Potential
C03109,144,7,476171.07,1,5,5,11,Loyal
C03110,34,7,310913.05,4,5,5,14,VIP
C03111,17,6,34192.3,4,4,3,11,Loyal
C03112,225,2,3589.3,1,1,1,3,Inactive
C03113,84,1,2072.22,2,1,1,4,Inactive
C03114,2,8,267459.24,5,5,5,15,VIP
C03115,193,3,87588.53,1,2,4,7,Potential
C03116,7,6,14177.67,5,4,2,11,Loyal
C03117,210,5,183431.42,1,3,5,9,Potential
C03118,25,5,34113.39,4,3,3,10,Loyal
C03119,3,8,24290.47,5,5,2,12,Loyal
C03120,48,4,41829.05,3,2,3,8,Potential
C03121,52,5,21266.11,3,3,2,8,Potential
C03122,2,6,23832.37,5,4,2,11,Loyal
C03123,34,6,45505.85,4,4,3,11,Loyal
C03124,57,10,27450.14,3,5,3,11,Loyal
C03125,54,3,89827.28,3,2,4,9,Potential
C03126,67,5,10920.89,2,3,1,6,At Risk
C03127,25,4,18315.04,4,2,2,8,Potential
C03128,63,2,4379.41,3,1,1,5,At Risk
C03129,178,4,86066.31,1,2,4,7,Potential
C03130,168,4,57725.13,1,2,3,6,At Risk
C03131,60,6,231959.31999999998,3,4,5,12,Loyal
C03132,38,8,109395.31000000001,3,5,4,12,Loyal
C03133,119,4,13414.839999999998,1,2,2,5,At Risk
C03134,305,3,9649.619999999999,1,2,1,4,Inactive
C03135,32,7,65884.13,4,5,4,13,VIP
C03136,35,7,18402.01,4,5,2,11,Loyal
C03137,32,10,90386.82999999999,4,5,4,13,VIP
C03138,100,6,120891.33,2,4,5,11,Loyal
C03139,11,4,99279.43999999999,5,2,4,11,Loyal
C03140,58,4,201489.43,3,2,5,10,Loyal
C03141,32,6,12496.599999999999,4,4,2,10,Loyal
C03142,25,3,9414.72,4,2,1,7,Potential
C03143,3,2,91889.5,5,1,4,10,Loyal
C03144,18,6,17865.93,4,4,2,10,Loyal
C03145,142,5,110692.37999999999,1,3,4,8,Potential
C03146,67,4,62230.96,2,2,4,8,Potential
C03147,46,4,8201.01,3,2,1,6,At Risk
C03148,95,2,3956.37,2,1,1,4,Inactive
C03149,4,5,19300.329999999998,5,3,2,10,Loyal
C03150,63,9,162224.1,3,5,5,13,VIP
C03151,31,5,15827.21,4,3,2,9,Potential
C03152,11,6,42368.74,5,4,3,12,Loyal
C03153,37,4,72145.0,3,2,4,9,Potential
C03154,21,2,3395.95,4,1,1,6,At Risk
C03155,8,4,14300.58,5,2,2,9,Potential
C03156,91,3,17034.39,2,2,2,6,At Risk
C03157,7,5,9505.81,5,3,1,9,Potential
C03158,42,3,5838.37,3,2,1,6,At Risk
C03159,2,7,170543.19,5,5,5,15,VIP
C03160,5,5,139025.07,5,3,5,13,VIP
C03161,121,4,10025.73,1,2,1,4,Inactive
C03162,136,4,111310.25,1,2,5,8,Potential
C03163,104,5,16946.89,2,3,2,7,Potential
C03164,60,5,70155.66,3,3,4,10,Loyal
C03165,24,8,76714.73,4,5,4,13,VIP
C03166,19,7,25488.41,4,5,2,11,Loyal
C03167,112,5,14314.23,2,3,2,7,Potential
C03168,3,8,80040.79000000001,5,5,4,14,VIP
C03169,16,5,19990.92,5,3,2,10,Loyal
C03170,130,5,17545.14,1,3,2,6,At Risk
C03171,8,1,499.31,5,1,1,7,Potential
C03172,33,9,87458.44,4,5,4,13,VIP
C03173,10,5,10120.74,5,3,1,9,Potential
C03174,70,7,19791.199999999997,2,5,2,9,Potential
C03175,157,2,12962.38,1,1,2,4,Inactive
C03176,26,7,26787.11,4,5,3,12,Loyal
C03177,13,6,8748.46,5,4,1,10,Loyal
C03178,19,6,20760.82,4,4,2,10,Loyal
C03179,155,2,3559.08,1,1,1,3,Inactive
C03180,45,6,195129.3,3,4,5,12,Loyal
C03181,1,3,5436.46,5,2,1,8,Potential
C03182,42,3,120361.37,3,2,5,10,Loyal
C03183,30,4,26103.58,4,2,3,9,Potential
C03184,9,5,33568.670000000006,5,3,3,11,Loyal
C03185,101,6,161120.26,2,4,5,11,Loyal
C03186,39,2,3343.5600000000004,3,1,1,5,At Risk
C03187,4,8,128899.20999999999,5,5,5,15,VIP
C03188,50,6,110995.78,3,4,5,12,Loyal
C03189,16,6,69349.65,5,4,4,13,VIP
C03190,28,5,14207.96,4,3,2,9,Potential
C03191,295,2,7441.28,1,1,1,3,Inactive
C03192,82,3,29556.73,2,2,3,7,Potential
C03193,18,5,49466.369999999995,4,3,3,10,Loyal
C03194,2,8,35941.83,5,5,3,13,VIP
C03195,165,3,6605.45,1,2,1,4,Inactive
C03196,78,4,15947.99,2,2,2,6,At Risk
C03197,46,8,142778.99,3,5,5,13,VIP
C03198,26,4,20779.5,4,2,2,8,Potential
C03199,136,13,124613.35,1,5,5,11,Loyal
C03200,16,7,135211.22,5,5,5,15,VIP
C03201,193,2,4087.1400000000003,1,1,1,3,Inactive
C03202,2,5,75367.82,5,3,4,12,Loyal
C03203,61,6,291711.9,3,4,5,12,Loyal
C03204,236,1,1350.02,1,1,1,3,Inactive
C03205,36,6,186123.47,4,4,5,13,VIP
C03206,26,6,28795.649999999998,4,4,3,11,Loyal
C03207,10,6,69070.26999999999,5,4,4,13,VIP
C03208,101,3,40059.6,2,2,3,7,Potential
C03209,55,6,74877.27,3,4,4,11,Loyal
C03210,51,4,7182.52,3,2,1,6,At Risk
C03211,33,9,104278.2,4,5,4,13,VIP
C03212,95,4,48705.23,2,2,3,7,Potential
C03213,31,5,44795.72,4,3,3,10,Loyal
C03214,53,5,66240.62,3,3,4,10,Loyal
C03215,88,8,165205.27,2,5,5,12,Loyal
C03216,7,3,8939.65,5,2,1,8,Potential
C03217,129,5,33642.49,1,3,3,7,Potential
C03218,104,6,74691.35,2,4,4,10,Loyal
C03219,71,4,67307.16,2,2,4,8,Potential
C03220,143,5,98611.12999999999,1,3,4,8,Potential
C03221,7,5,21382.989999999998,5,3,2,10,Loyal
C03222,159,5,80761.47,1,3,4,8,Potential
C03223,277,2,11576.66,1,1,1,3,Inactive
C03224,1,8,53828.37,5,5,3,13,VIP
C03225,18,10,235768.11000000002,4,5,5,14,VIP
C03226,74,6,23707.97,2,4,2,8,Potential
C03227,10,3,6825.38,5,2,1,8,Potential
C03228,1,4,125912.85,5,2,5,12,Loyal
C03229,9,5,62291.42,5,3,4,12,Loyal
C03230,82,4,29368.73,2,2,3,7,Potential
C03231,45,10,70221.51999999999,3,5,4,12,Loyal
C03233,61,6,122025.42,3,4,5,12,Loyal
C03234,97,3,11072.4,2,2,1,5,At Risk
C03235,5,5,299770.76,5,3,5,13,VIP
C03236,150,5,55814.21,1,3,3,7,Potential
C03237,94,6,28706.08,2,4,3,9,Potential
C03238,110,6,62900.700000000004,2,4,4,10,Loyal
C03239,32,5,68005.78,4,3,4,11,Loyal
C03240,20,4,69353.3,4,2,4,10,Loyal
C03241,12,7,34643.21,5,5,3,13,VIP
C03242,9,5,172014.43,5,3,5,13,VIP
C03243,137,5,19293.3,1,3,2,6,At Risk
C03244,29,4,183042.5,4,2,5,11,Loyal
C03245,108,5,113714.45999999999,2,3,5,10,Loyal
C03246,110,5,170968.11000000002,2,3,5,10,Loyal
C03247,52,6,90322.72,3,4,4,11,Loyal
C03248,3,4,6928.97,5,2,1,8,Potential
C03249,196,2,50679.49,1,1,3,5,At Risk
C03250,166,3,15702.42,1,2,2,5,At Risk
C03252,3,6,157650.08,5,4,5,14,VIP
C03253,30,8,38720.4,4,5,3,12,Loyal
C03254,175,6,71824.58,1,4,4,9,Potential
C03255,193,2,3409.08,1,1,1,3,Inactive
C03256,11,7,248939.82,5,5,5,15,VIP
C03257,141,6,219729.63,1,4,5,10,Loyal
C03258,92,5,81313.21,2,3,4,9,Potential
C03259,33,3,52608.45,4,2,3,9,Potential
C03260,92,3,4603.25,2,2,1,5,At Risk
C03261,21,7,19837.0,4,5,2,11,Loyal
C03262,27,10,365592.56,4,5,5,14,VIP
C03263,13,4,33518.46,5,2,3,10,Loyal
C03264,165,5,13699.44,1,3,2,6,At Risk
C03265,8,6,16069.599999999999,5,4,2,11,Loyal
C03266,105,8,244491.19,2,5,5,12,Loyal
C03267,73,5,15807.03,2,3,2,7,Potential
C03268,169,4,13813.82,1,2,2,5,At Risk
C03269,12,9,100967.8,5,5,4,14,VIP
C03270,136,1,1537.83,1,1,1,3,Inactive
C03271,265,3,9275.449999999999,1,2,1,4,Inactive
C03272,25,3,7540.35,4,2,1,7,Potential
C03273,20,4,15984.11,4,2,2,8,Potential
C03274,20,8,37860.35,4,5,3,12,Loyal
C03275,48,8,130931.53,3,5,5,13,VIP
C03276,11,7,289682.52,5,5,5,15,VIP
C03277,98,5,6368.63,2,3,1,6,At Risk
C03278,13,4,11350.17,5,2,1,8,Potential
C03279,39,4,17492.260000000002,3,2,2,7,Potential
C03280,154,7,75221.3,1,5,4,10,Loyal
C03281,41,8,97273.38,3,5,4,12,Loyal
C03282,30,7,89206.19,4,5,4,13,VIP
C03283,49,5,125584.76,3,3,5,11,Loyal
C03284,105,5,22919.18,2,3,2,7,Potential
C03285,153,6,87686.92,1,4,4,9,Potential
C03286,25,8,126244.63,4,5,5,14,VIP
C03287,50,7,75003.3,3,5,4,12,Loyal
C03288,150,4,75522.23999999999,1,2,4,7,Potential
C03289,141,1,10109.7,1,1,1,3,Inactive
C03290,91,7,28989.15,2,5,3,10,Loyal
C03291,88,3,11480.859999999999,2,2,1,5,At Risk
C03292,29,7,56069.35,4,5,3,12,Loyal
C03293,74,5,280559.17000000004,2,3,5,10,Loyal
C03294,148,4,163796.78000000003,1,2,5,8,Potential
C03295,42,6,86005.19,3,4,4,11,Loyal
C03296,33,4,128440.69,4,2,5,11,Loyal
C03297,89,5,19186.440000000002,2,3,2,7,Potential
C03298,86,4,29172.79,2,2,3,7,Potential
C03299,52,9,201787.12,3,5,5,13,VIP
C03300,6,5,312205.16000000003,5,3,5,13,VIP
C03301,8,2,30457.22,5,1,3,9,Potential
C03302,73,4,17329.13,2,2,2,6,At Risk
C03303,15,4,9291.03,5,2,1,8,Potential
C03304,1,5,113662.3,5,3,5,13,VIP
C03305,64,3,16191.199999999999,3,2,2,7,Potential
C03306,27,2,2977.4700000000003,4,1,1,6,At Risk
C03307,23,3,208464.05000000002,4,2,5,11,Loyal
C03308,51,6,40116.37,3,4,3,10,Loyal
C03309,17,4,103028.97,4,2,4,10,Loyal
C03310,23,5,126595.73,4,3,5,12,Loyal
C03311,156,4,14893.550000000001,1,2,2,5,At Risk
C03312,12,8,195899.59,5,5,5,15,VIP
C03313,43,4,7893.46,3,2,1,6,At Risk
C03314,62,6,90891.15,3,4,4,11,Loyal
C03315,193,6,109085.51999999999,1,4,4,9,Potential
C03316,3,5,13283.96,5,3,2,10,Loyal
C03317,38,4,5871.2699999999995,3,2,1,6,At Risk
C03318,153,6,20001.28,1,4,2,7,Potential
C03319,42,6,28241.33,3,4,3,10,Loyal
C03320,29,5,82228.82,4,3,4,11,Loyal
C03321,175,1,2621.01,1,1,1,3,Inactive
C03322,125,5,93843.03,1,3,4,8,Potential
C03323,38,9,44887.88,3,5,3,11,Loyal
C03324,43,5,22170.96,3,3,2,8,Potential
C03325,3,5,143826.78,5,3,5,13,VIP
C03326,21,8,33585.92,4,5,3,12,Loyal
C03327,127,4,62740.340000000004,1,2,4,7,Potential
C03328,89,5,14119.5,2,3,2,7,Potential
C03329,70,3,12531.94,2,2,2,6,At Risk
C03330,28,3,36703.29,4,2,3,9,Potential
C03331,4,7,15290.4,5,5,2,12,Loyal
C03332,12,8,61048.68,5,5,4,14,VIP
C03333,25,5,76881.48999999999,4,3,4,11,Loyal
C03334,102,2,3857.06,2,1,1,4,Inactive
C03335,202,6,15023.34,1,4,2,7,Potential
C03336,15,4,73316.09,5,2,4,11,Loyal
C03337,96,3,12863.16,2,2,2,6,At Risk
C03338,57,3,37240.619999999995,3,2,3,8,Potential
C03339,135,3,9498.26,1,2,1,4,Inactive
C03340,144,5,18645.42,1,3,2,6,At Risk
C03341,63,3,134591.47,3,2,5,10,Loyal
C03342,58,3,32967.5,3,2,3,8,Potential
C03343,88,4,72299.18000000001,2,2,4,8,Potential
C03344,77,10,268687.3,2,5,5,12,Loyal
C03345,4,4,62238.47,5,2,4,11,Loyal
C03346,138,3,9801.03,1,2,1,4,Inactive
C03347,14,2,7303.799999999999,5,1,1,7,Potential
C03348,24,5,34971.14,4,3,3,10,Loyal
C03349,1,5,23741.7,5,3,2,10,Loyal
C03350,151,3,10182.05,1,2,1,4,Inactive
C03351,94,2,22240.79,2,1,2,5,At Risk
C03352,32,4,68140.76000000001,4,2,4,10,Loyal
C03353,166,7,76018.02,1,5,4,10,Loyal
C03354,99,5,12041.89,2,3,1,6,At Risk
C03355,26,9,31468.42,4,5,3,12,Loyal
C03356,245,6,20630.18,1,4,2,7,Potential
C03357,136,5,76827.27,1,3,4,8,Potential
C03358,124,5,17794.88,1,3,2,6,At Risk
C03359,28,9,101171.6,4,5,4,13,VIP
C03360,18,6,83918.09,4,4,4,12,Loyal
C03361,79,9,33805.56,2,5,3,10,Loyal
C03362,7,4,136281.88,5,2,5,12,Loyal
C03363,57,6,14844.42,3,4,2,9,Potential
C03364,31,7,17161.75,4,5,2,11,Loyal
C03365,206,2,3649.2799999999997,1,1,1,3,Inactive
C03366,46,4,103387.4,3,2,4,9,Potential
C03367,214,2,132784.68,1,1,5,7,Potential
C03368,3,5,43964.03,5,3,3,11,Loyal
C03369,153,4,17685.86,1,2,2,5,At Risk
C03370,19,2,5856.08,4,1,1,6,At Risk
C03371,55,4,8550.869999999999,3,2,1,6,At Risk
C03372,6,5,42555.88,5,3,3,11,Loyal
C03373,58,5,25543.84,3,3,2,8,Potential
C03374,32,6,34614.72,4,4,3,11,Loyal
C03375,36,1,7368.6,4,1,1,6,At Risk
C03376,9,3,146211.71999999997,5,2,5,12,Loyal
C03377,81,7,20785.03,2,5,2,9,Potential
C03378,33,5,8630.95,4,3,1,8,Potential
C03379,24,5,26753.8,4,3,3,10,Loyal
C03380,3,3,6802.67,5,2,1,8,Potential
C03381,10,6,76836.65,5,4,4,13,VIP
C03382,46,4,56589.83,3,3,3,9,Potential
C03383,7,7,92202.23,5,5,4,14,VIP
C03384,22,5,66195.42,4,3,4,11,Loyal
C03385,81,6,65194.45,2,4,4,10,Loyal
C03386,183,3,5429.13,1,2,1,4,Inactive
C03387,2,5,40629.58,5,3,3,11,Loyal
C03388,70,5,25196.55,2,3,2,7,Potential
C03389,7,5,10909.56,5,3,1,9,Potential
C03390,4,6,11129.71,5,4,1,10,Loyal
C03391,132,2,5139.68,1,1,1,3,Inactive
C03392,20,7,113833.99,4,5,5,14,VIP
C03393,46,4,10729.17,3,3,1,7,Potential
C03394,173,3,10243.960000000001,1,2,1,4,Inactive
C03395,16,7,24199.12,5,5,2,12,Loyal
C03396,103,3,8196.11,2,2,1,5,At Risk
C03397,26,6,20169.59,4,4,2,10,Loyal
C03398,38,5,37349.31,3,3,3,9,Potential
C03399,88,4,55187.439999999995,2,3,3,8,Potential
C03400,38,10,56852.96000000001,3,5,3,11,Loyal
C03401,36,4,184206.71,4,3,5,12,Loyal
C03402,36,5,19375.04,4,3,2,9,Potential
C03403,51,3,14288.65,3,2,2,7,Potential
C03404,28,6,35036.31,4,4,3,11,Loyal
C03405,43,5,186061.48,3,3,5,11,Loyal
C03406,65,7,96261.17,3,5,4,12,Loyal
C03407,4,6,39975.65,5,4,3,12,Loyal
C03408,14,6,109266.46,5,4,4,13,VIP
C03409,76,6,19435.82,2,4,2,8,Potential
C03410,24,5,203317.7,4,3,5,12,Loyal
C03411,125,6,148693.15,1,4,5,10,Loyal
C03412,193,2,38267.62,1,1,3,5,At Risk
C03413,44,5,78804.26,3,3,4,10,Loyal
C03414,31,10,32987.57,4,5,3,12,Loyal
C03415,104,7,37944.91,2,5,3,10,Loyal
C03416,9,5,8608.130000000001,5,3,1,9,Potential
C03417,88,3,14938.890000000001,2,2,2,6,At Risk
C03418,45,8,283864.17000000004,3,5,5,13,VIP
C03419,28,2,5045.76,4,1,1,6,At Risk
C03420,26,3,56743.58,4,2,3,9,Potential
C03421,50,6,32382.170000000002,3,4,3,10,Loyal
C03422,43,7,209431.66999999998,3,5,5,13,VIP
C03423,103,6,62872.31999999999,2,4,4,10,Loyal
C03424,37,6,43504.24,3,4,3,10,Loyal
C03425,90,4,185329.72,2,3,5,10,Loyal
C03426,17,4,11018.31,4,3,1,8,Potential
C03427,68,5,9432.68,2,3,1,6,At Risk
C03428,9,3,7771.18,5,2,1,8,Potential
C03429,6,7,38596.0,5,5,3,13,VIP
C03430,56,4,18498.37,3,3,2,8,Potential
C03431,76,5,95549.37,2,3,4,9,Potential
C03432,70,5,59553.130000000005,2,3,3,8,Potential
C03433,159,5,11279.93,1,3,1,5,At Risk
C03434,41,5,37666.17,3,3,3,9,Potential
C03435,8,3,14154.890000000001,5,2,2,9,Potential
C03436,15,8,32920.21,5,5,3,13,VIP
C03437,49,5,187008.48,3,3,5,11,Loyal
C03438,143,2,32382.62,1,1,3,5,At Risk
C03439,137,6,126451.79,1,4,5,10,Loyal
C03440,4,6,38549.93,5,4,3,12,Loyal
C03441,93,3,10036.619999999999,2,2,1,5,At Risk
C03442,21,10,254956.61,4,5,5,14,VIP
C03443,8,6,85909.18,5,4,4,13,VIP
C03444,85,7,16716.19,2,5,2,9,Potential
C03445,4,10,247916.88,5,5,5,15,VIP
C03446,154,6,29056.989999999998,1,4,3,8,Potential
C03447,55,3,4734.85,3,2,1,6,At Risk
C03448,12,5,16478.64,5,3,2,10,Loyal
C03449,15,8,28126.27,5,5,3,13,VIP
C03450,100,9,161817.52,2,5,5,12,Loyal
C03451,77,8,108785.98999999999,2,5,4,11,Loyal
C03452,14,8,57180.25,5,5,3,13,VIP
C03453,4,5,38883.979999999996,5,3,3,11,Loyal
C03454,23,3,12494.18,4,2,2,8,Potential
C03455,7,5,83148.83,5,3,4,12,Loyal
C03456,91,2,12263.24,2,1,2,5,At Risk
C03457,240,4,8199.14,1,3,1,5,At Risk
C03458,26,7,75626.3,4,5,4,13,VIP
C03459,85,2,63372.07,2,1,4,7,Potential
C03460,5,2,6210.8,5,1,1,7,Potential
C03461,161,4,7161.96,1,3,1,5,At Risk
C03462,70,3,99283.55,2,2,4,8,Potential
C03463,21,9,95323.41,4,5,4,13,VIP
C03464,23,4,15570.78,4,3,2,9,Potential
C03465,121,3,10304.85,1,2,1,4,Inactive
C03466,2,7,17206.67,5,5,2,12,Loyal
C03467,1,7,50138.12,5,5,3,13,VIP
C03468,1,5,15170.45,5,3,2,10,Loyal
C03469,109,3,12048.29,2,2,1,5,At Risk
C03470,70,5,139976.11,2,3,5,10,Loyal
C03471,116,4,46368.69,2,3,3,8,Potential
C03472,122,2,40597.97,1,1,3,5,At Risk
C03473,53,3,238385.90000000002,3,2,5,10,Loyal
C03474,24,3,10755.27,4,2,1,7,Potential
C03475,41,2,10651.66,3,1,1,5,At Risk
C03476,34,5,7841.88,4,3,1,8,Potential
C03477,94,4,31116.050000000003,2,3,3,8,Potential
C03478,49,3,12298.36,3,2,2,7,Potential
C03479,23,11,136483.95,4,5,5,14,VIP
C03480,115,5,168562.51,2,3,5,10,Loyal
C03481,240,5,23901.8,1,3,2,6,At Risk
C03482,48,8,229350.5,3,5,5,13,VIP
C03483,136,3,5092.57,1,2,1,4,Inactive
C03484,97,4,17865.5,2,3,2,7,Potential
C03485,12,2,7839.42,5,1,1,7,Potential
C03486,16,3,24405.29,5,2,2,9,Potential
C03487,66,3,28588.989999999998,3,2,3,8,Potential
C03488,149,5,12564.34,1,3,2,6,At Risk
C03489,108,5,44170.630000000005,2,3,3,8,Potential
C03490,120,4,8286.51,1,3,1,5,At Risk
C03491,180,4,77891.77,1,3,4,8,Potential
C03492,113,6,36745.48,2,4,3,9,Potential
C03493,19,6,67085.33,4,4,4,12,Loyal
C03494,75,3,12755.27,2,2,2,6,At Risk
C03495,164,4,10834.25,1,3,1,5,At Risk
C03496,66,8,77146.87,3,5,4,12,Loyal
C03497,20,6,82638.9,4,4,4,12,Loyal
C03498,111,4,37378.030000000006,2,3,3,8,Potential
C03499,32,6,247247.73,4,4,5,13,VIP
C03500,20,9,112695.37999999999,4,5,5,14,VIP
C03501,9,7,31512.32,5,5,3,13,VIP
C03502,56,5,9115.76,3,3,1,7,Potential
C03503,87,1,1098.73,2,1,1,4,Inactive
C03504,32,5,15941.57,4,3,2,9,Potential
C03505,36,6,35681.76,4,4,3,11,Loyal
C03506,81,4,41575.04,2,3,3,8,Potential
C03507,44,2,4068.08,3,1,1,5,At Risk
C03508,128,6,186300.79,1,4,5,10,Loyal
C03509,209,2,60551.52,1,1,4,6,At Risk
C03510,31,4,9327.35,4,3,1,8,Potential
C03511,14,5,19787.87,5,3,2,10,Loyal
C03512,226,3,5950.43,1,2,1,4,Inactive
C03513,41,4,27159.760000000002,3,3,3,9,Potential
C03514,17,2,3180.22,4,1,1,6,At Risk
C03515,27,6,22897.33,4,4,2,10,Loyal
C03516,72,3,252576.74000000002,2,2,5,9,Potential
C03517,60,5,175443.95,3,3,5,11,Loyal
C03518,78,7,72402.89,2,5,4,11,Loyal
C03519,105,6,345283.8,2,4,5,11,Loyal
C03520,28,5,53815.3,4,3,3,10,Loyal
C03521,8,6,12083.16,5,4,2,11,Loyal
C03522,74,4,18354.9,2,3,2,7,Potential
C03523,113,4,84932.42,2,3,4,9,Potential
C03524,199,6,557005.62,1,4,5,10,Loyal
C03525,5,6,17022.08,5,4,2,11,Loyal
C03526,119,2,2240.5299999999997,1,1,1,3,Inactive
C03527,25,6,137573.63999999998,4,4,5,13,VIP
C03528,103,3,22401.65,2,2,2,6,At Risk
C03529,213,4,18495.02,1,3,2,6,At Risk
C03530,169,4,16551.04,1,3,2,6,At Risk
C03531,160,6,216738.1,1,4,5,10,Loyal
C03532,29,3,10632.83,4,2,1,7,Potential
C03533,24,6,62404.61,4,4,4,12,Loyal
C03534,19,4,124842.72,4,3,5,12,Loyal
C03535,2,8,173038.24,5,5,5,15,VIP
C03536,32,5,29047.3,4,3,3,10,Loyal
C03537,4,7,39315.76,5,5,3,13,VIP
C03538,241,1,3248.52,1,1,1,3,Inactive
C03539,107,2,27370.239999999998,2,1,3,6,At Risk
C03540,37,4,22258.73,3,3,2,8,Potential
C03541,30,9,79930.26999999999,4,5,4,13,VIP
C03542,50,7,34468.95,3,5,3,11,Loyal
C03543,46,9,205072.5,3,5,5,13,VIP
C03544,45,5,10070.7,3,3,1,7,Potential
C03545,9,11,21405.91,5,5,2,12,Loyal
C03546,12,5,74566.45999999999,5,3,4,12,Loyal
C03547,34,3,284239.35,4,2,5,11,Loyal
C03548,70,2,2458.2799999999997,2,1,1,4,Inactive
C03549,33,5,72438.82,4,3,4,11,Loyal
C03550,180,3,4347.51,1,2,1,4,Inactive
C03551,33,4,13256.16,4,3,2,9,Potential
C03552,20,7,15092.15,4,5,2,11,Loyal
C03553,18,3,9727.36,4,2,1,7,Potential
C03554,92,7,69985.32,2,5,4,11,Loyal
C03555,25,10,23839.35,4,5,2,11,Loyal
C03556,16,4,52345.77,5,3,3,11,Loyal
C03557,63,4,20765.59,3,3,2,8,Potential
C03558,6,5,55794.91,5,3,3,11,Loyal
C03559,65,8,100619.0,3,5,4,12,Loyal
C03560,126,6,16604.83,1,4,2,7,Potential
C03561,77,4,20524.03,2,3,2,7,Potential
C03562,237,2,11721.65,1,1,1,3,Inactive
C03563,100,7,27396.44,2,5,3,10,Loyal
C03564,8,5,39964.38,5,3,3,11,Loyal
C03565,3,2,4064.1499999999996,5,1,1,7,Potential
C03566,88,4,9998.61,2,3,1,6,At Risk
C03567,29,5,72730.74,4,3,4,11,Loyal
C03568,279,2,3329.8100000000004,1,1,1,3,Inactive
C03569,12,6,29169.129999999997,5,4,3,12,Loyal
C03570,39,7,75477.08,3,5,4,12,Loyal
C03571,17,2,84150.73999999999,4,1,4,9,Potential
C03572,52,4,7342.8,3,3,1,7,Potential
C03573,37,5,10797.74,3,3,1,7,Potential
C03575,29,4,61323.090000000004,4,3,4,11,Loyal
C03576,60,7,230598.33,3,5,5,13,VIP
C03577,76,3,14799.25,2,2,2,6,At Risk
C03578,122,1,6072.86,1,1,1,3,Inactive
C03579,249,2,119403.9,1,1,5,7,Potential
C03580,68,2,3383.75,2,1,1,4,Inactive
C03581,12,5,11046.210000000001,5,3,1,9,Potential
C03582,43,4,5095.4,3,3,1,7,Potential
C03583,26,4,70285.11,4,3,4,11,Loyal
C03584,62,5,15140.92,3,3,2,8,Potential
C03585,84,5,46555.03,2,3,3,8,Potential
C03586,24,2,3860.92,4,1,1,6,At Risk
C03587,123,2,2391.2799999999997,1,1,1,3,Inactive
C03588,51,4,7695.9400000000005,3,3,1,7,Potential
C03589,7,9,71091.88,5,5,4,14,VIP
C03590,155,5,10746.79,1,3,1,5,At Risk
C03591,40,6,17904.66,3,4,2,9,Potential
C03592,35,6,86965.43,4,4,4,12,Loyal
C03593,22,3,6873.2,4,2,1,7,Potential
C03595,3,7,43403.89,5,5,3,13,VIP
C03596,4,3,10613.15,5,2,1,8,Potential
C03598,7,8,103928.67,5,5,4,14,VIP
C03599,2,13,471132.25,5,5,5,15,VIP
C03600,5,6,119000.16,5,4,5,14,VIP
C03601,167,3,68212.23999999999,1,2,4,7,Potential
C03602,21,4,6883.38,4,3,1,8,Potential
C03603,20,4,19180.17,4,3,2,9,Potential
C03604,108,6,184875.57,2,4,5,11,Loyal
C03605,67,8,82794.68,2,5,4,11,Loyal
C03606,120,10,139984.14,1,5,5,11,Loyal
C03607,129,5,77121.04999999999,1,3,4,8,Potential
C03608,108,3,9307.01,2,2,1,5,At Risk
C03609,8,9,259457.61000000002,5,5,5,15,VIP
C03610,37,5,14265.26,3,3,2,8,Potential
C03611,288,1,669.93,1,1,1,3,Inactive
C03612,31,5,20668.84,4,3,2,9,Potential
C03613,50,6,19516.309999999998,3,4,2,9,Potential
C03614,60,7,31638.829999999998,3,5,3,11,Loyal
C03615,208,4,73043.6,1,3,4,8,Potential
C03616,38,5,20241.74,3,3,2,8,Potential
C03617,11,7,35103.89,5,5,3,13,VIP
C03618,127,3,9459.39,1,2,1,4,Inactive
C03619,244,4,20903.31,1,3,2,6,At Risk
C03620,87,4,13087.689999999999,2,3,2,7,Potential
C03621,6,3,9481.88,5,2,1,8,Potential
C03622,157,5,21265.32,1,3,2,6,At Risk
C03623,61,6,65591.42,3,4,4,11,Loyal
C03624,42,7,25922.77,3,5,2,10,Loyal
C03625,11,4,23894.260000000002,5,3,2,10,Loyal
C03626,41,3,113854.79,3,2,5,10,Loyal
C03627,82,4,69485.56,2,3,4,9,Potential
C03628,251,2,6694.92,1,1,1,3,Inactive
C03629,52,4,95433.34,3,3,4,10,Loyal
C03630,158,2,27841.06,1,1,3,5,At Risk
C03631,148,3,160633.91,1,2,5,8,Potential
C03632,68,2,89413.07,2,1,4,7,Potential
C03633,21,7,47225.24,4,5,3,12,Loyal
C03634,142,7,32463.85,1,5,3,9,Potential
C03635,179,7,37847.61,1,5,3,9,Potential
C03636,151,3,6345.66,1,2,1,4,Inactive
C03637,130,5,178599.21000000002,1,3,5,9,Potential
C03638,98,3,151955.41,2,2,5,9,Potential
C03639,24,7,69738.5,4,5,4,13,VIP
C03640,12,7,26095.510000000002,5,5,3,13,VIP
C03641,36,8,45042.8,4,5,3,12,Loyal
C03642,141,3,12560.24,1,2,2,5,At Risk
C03643,84,5,45324.939999999995,2,3,3,8,Potential
C03644,10,11,153746.65,5,5,5,15,VIP
C03645,15,4,9331.46,5,3,1,9,Potential
C03646,72,5,63282.09,2,3,4,9,Potential
C03647,57,3,6858.96,3,2,1,6,At Risk
C03648,170,2,3478.77,1,1,1,3,Inactive
C03649,37,3,209872.40000000002,3,2,5,10,Loyal
C03650,10,9,54368.520000000004,5,5,3,13,VIP
C03651,213,3,104349.65,1,2,4,7,Potential
C03652,29,6,18581.11,4,4,2,10,Loyal
C03653,11,2,320667.22,5,1,5,11,Loyal
C03654,10,7,110266.25,5,5,4,14,VIP
C03655,235,3,4572.35,1,2,1,4,Inactive
C03656,21,6,151659.66,4,4,5,13,VIP
C03657,110,5,15056.53,2,3,2,7,Potential
C03658,37,8,117742.11,3,5,5,13,VIP
C03659,67,5,18455.160000000003,2,3,2,7,Potential
C03661,70,6,24865.21,2,4,2,8,Potential
C03662,120,5,221498.52,1,3,5,9,Potential
C03663,129,8,56079.19,1,5,3,9,Potential
C03664,42,6,23700.2,3,4,2,9,Potential
C03665,73,12,209127.33,2,5,5,12,Loyal
C03666,49,4,33327.22,3,3,3,9,Potential
C03667,4,5,14656.92,5,3,2,10,Loyal
C03668,56,8,187940.47,3,5,5,13,VIP
C03669,146,5,87406.20000000001,1,3,4,8,Potential
C03670,6,6,66320.84999999999,5,4,4,13,VIP
C03671,2,4,46298.0,5,3,3,11,Loyal
C03672,276,2,8163.42,1,1,1,3,Inactive
C03673,106,3,13753.02,2,2,2,6,At Risk
C03674,36,5,21463.11,4,3,2,9,Potential
C03675,61,8,109455.69,3,5,4,12,Loyal
C03676,21,7,147371.07,4,5,5,14,VIP
C03677,27,7,69138.99,4,5,4,13,VIP
C03678,34,6,185720.63,4,4,5,13,VIP
C03679,60,7,39560.14,3,5,3,11,Loyal
C03680,10,5,30707.77,5,3,3,11,Loyal
C03681,7,6,12392.98,5,4,2,11,Loyal
C03682,20,7,167457.71,4,5,5,14,VIP
C03683,31,4,71263.98,4,3,4,11,Loyal
C03684,34,7,39683.04,4,5,3,12,Loyal
C03685,12,3,8927.25,5,2,1,8,Potential
C03686,117,4,188427.8,2,3,5,10,Loyal
C03687,76,4,63802.07,2,3,4,9,Potential
C03688,100,3,13804.560000000001,2,2,2,6,At Risk
C03689,47,6,10758.08,3,4,1,8,Potential
C03690,182,3,32789.71,1,2,3,6,At Risk
C03691,12,6,219329.15,5,4,5,14,VIP
C03692,4,6,43223.35,5,4,3,12,Loyal
C03693,12,4,11232.29,5,3,1,9,Potential
C03694,69,4,16182.73,2,3,2,7,Potential
C03695,11,3,288606.83999999997,5,2,5,12,Loyal
C03696,167,3,9401.91,1,2,1,4,Inactive
C03697,138,5,90656.37,1,3,4,8,Potential
C03698,16,4,18859.98,5,3,2,10,Loyal
C03699,45,5,59599.12,3,3,3,9,Potential
C03700,35,6,13604.130000000001,4,4,2,10,Loyal
C03701,18,7,123096.72,4,5,5,14,VIP
C03702,99,5,34682.96,2,3,3,8,Potential
C03703,35,1,6761.97,4,1,1,6,At Risk
C03704,82,5,128243.74,2,3,5,10,Loyal
C03706,60,4,13304.86,3,3,2,8,Potential
C03707,96,2,3116.5,2,1,1,4,Inactive
C03708,257,2,7413.92,1,1,1,3,Inactive
C03709,18,2,3452.01,4,1,1,6,At Risk
C03710,53,4,24732.82,3,3,2,8,Potential
C03711,7,6,15973.03,5,4,2,11,Loyal
C03712,34,9,110374.86,4,5,4,13,VIP
C03713,277,1,6533.83,1,1,1,3,Inactive
C03714,21,6,88856.55,4,4,4,12,Loyal
C03715,7,5,9890.29,5,3,1,9,Potential
C03716,58,3,229678.8,3,2,5,10,Loyal
C03717,122,6,13846.49,1,4,2,7,Potential
C03718,18,5,24500.36,4,3,2,9,Potential
C03719,39,2,14485.349999999999,3,1,2,6,At Risk
C03720,20,7,94839.34999999999,4,5,4,13,VIP
C03721,4,4,6798.240000000001,5,3,1,9,Potential
C03722,125,8,205018.91,1,5,5,11,Loyal
C03723,32,6,54106.67,4,4,3,11,Loyal
C03724,197,4,7618.15,1,3,1,5,At Risk
C03725,1,6,105400.55,5,4,4,13,VIP
C03726,34,4,12523.32,4,3,2,9,Potential
C03727,35,5,19375.6,4,3,2,9,Potential
C03728,49,2,84320.4,3,1,4,8,Potential
C03729,103,6,69673.28,2,4,4,10,Loyal
C03730,21,3,58239.11,4,2,3,9,Potential
C03731,72,6,148299.54,2,4,5,11,Loyal
C03732,101,2,10148.23,2,1,1,4,Inactive
C03733,38,6,76711.49,3,4,4,11,Loyal
C03734,28,3,10014.23,4,2,1,7,Potential
C03735,56,5,127663.48,3,3,5,11,Loyal
C03736,26,4,80189.35,4,3,4,11,Loyal
C03737,134,4,64616.01,1,3,4,8,Potential
C03738,58,7,32509.36,3,5,3,11,Loyal
C03739,130,6,45015.56,1,4,3,8,Potential
C03740,5,6,231324.06999999998,5,4,5,14,VIP
C03741,11,3,95174.07,5,2,4,11,Loyal
C03742,23,4,8454.95,4,3,1,8,Potential
C03743,1,6,71754.61,5,4,4,13,VIP
C03744,22,5,76309.77,4,3,4,11,Loyal
C03745,204,1,11467.01,1,1,1,3,Inactive
C03746,57,6,206468.61000000002,3,4,5,12,Loyal
C03747,101,7,240786.94000000003,2,5,5,12,Loyal
C03748,67,3,15296.410000000002,2,2,2,6,At Risk
C03749,277,2,3441.14,1,1,1,3,Inactive
C03750,104,5,72162.37999999999,2,3,4,9,Potential
C03751,23,6,68884.46,4,4,4,12,Loyal
C03752,25,5,82242.48,4,3,4,11,Loyal
C03753,4,3,64257.1,5,2,4,11,Loyal
C03754,14,6,15555.05,5,4,2,11,Loyal
C03755,8,3,9506.77,5,2,1,8,Potential
C03756,61,6,40728.08,3,4,3,10,Loyal
C03757,43,6,69558.68,3,4,4,11,Loyal
C03758,80,8,37920.48,2,5,3,10,Loyal
C03759,49,6,188508.33000000002,3,4,5,12,Loyal
C03760,67,5,66153.57999999999,2,3,4,9,Potential
C03761,128,2,54689.56,1,1,3,5,At Risk
C03762,40,2,5708.360000000001,3,1,1,5,At Risk
C03763,70,3,16973.51,2,2,2,6,At Risk
C03764,133,4,57964.9,1,3,3,7,Potential
C03765,27,5,37232.53999999999,4,4,3,11,Loyal
C03766,105,5,87006.18,2,4,4,10,Loyal
C03767,146,3,91741.58,1,2,4,7,Potential
C03768,65,10,283618.66,3,5,5,13,VIP
C03769,8,5,19571.3,5,4,2,11,Loyal
C03770,22,8,198928.37,4,5,5,14,VIP
C03771,27,5,9351.75,4,4,1,9,Potential
C03772,186,6,51526.72,1,4,3,8,Potential
C03773,27,4,5411.42,4,3,1,8,Potential
C03774,3,7,75197.29000000001,5,5,4,14,VIP
C03775,54,8,77063.0,3,5,4,12,Loyal
C03776,2,6,191376.68,5,4,5,14,VIP
C03777,62,4,39601.39,3,3,3,9,Potential
C03778,16,5,85658.03,5,4,4,13,VIP
C03779,3,7,290492.99,5,5,5,15,VIP
C03780,71,5,125222.46,2,4,5,11,Loyal
C03781,218,2,6390.66,1,1,1,3,Inactive
C03782,47,4,28594.61,3,3,3,9,Potential
C03783,1,5,15585.22,5,4,2,11,Loyal
C03784,144,1,1399.86,1,1,1,3,Inactive
C03785,171,3,7273.32,1,2,1,4,Inactive
C03786,18,8,121544.3,4,5,5,14,VIP
C03787,29,3,5665.51,4,2,1,7,Potential
C03788,33,2,2306.1099999999997,4,1,1,6,At Risk
C03789,1,2,10855.88,5,1,1,7,Potential
C03790,162,5,137265.77,1,4,5,10,Loyal
C03791,124,7,83115.53,1,5,4,10,Loyal
C03792,46,8,158562.72,3,5,5,13,VIP
C03793,28,3,37496.67,4,2,3,9,Potential
C03794,1,10,279353.27,5,5,5,15,VIP
C03795,76,7,105010.04000000001,2,5,4,11,Loyal
C03796,5,7,23645.059999999998,5,5,2,12,Loyal
C03797,21,6,67240.22,4,4,4,12,Loyal
C03798,35,3,60268.83,4,2,4,10,Loyal
C03799,164,6,41024.03,1,4,3,8,Potential
C03800,51,3,11429.07,3,2,1,6,At Risk
C03801,20,6,16679.52,4,4,2,10,Loyal
C03802,14,9,340560.35,5,5,5,15,VIP
C03803,143,4,64771.78,1,3,4,8,Potential
C03804,123,4,68477.5,1,3,4,8,Potential
C03805,151,6,142479.8,1,4,5,10,Loyal
C03806,4,5,38823.91,5,4,3,12,Loyal
C03807,8,3,37317.25,5,2,3,10,Loyal
C03808,44,8,89084.75,3,5,4,12,Loyal
C03809,5,6,28720.68,5,4,3,12,Loyal
C03810,68,8,280648.18,2,5,5,12,Loyal
C03811,1,8,136094.5,5,5,5,15,VIP
C03812,12,9,46714.229999999996,5,5,3,13,VIP
C03813,25,11,83543.06,4,5,4,13,VIP
C03814,31,3,10388.439999999999,4,2,1,7,Potential
C03815,31,5,16820.39,4,4,2,10,Loyal
C03816,82,4,268794.26999999996,2,3,5,10,Loyal
C03817,129,3,9987.08,1,2,1,4,Inactive
C03818,13,11,47892.78,5,5,3,13,VIP
C03819,53,3,4189.56,3,2,1,6,At Risk
C03820,17,6,47927.61,4,4,3,11,Loyal
C03821,15,8,29236.68,5,5,3,13,VIP
C03822,12,2,12496.72,5,1,2,8,Potential
C03823,10,11,256110.11,5,5,5,15,VIP
C03824,18,5,11229.42,4,4,1,9,Potential
C03825,52,4,9184.02,3,3,1,7,Potential
C03826,89,4,108114.33,2,3,4,9,Potential
C03827,42,3,33406.700000000004,3,2,3,8,Potential
C03828,80,7,48523.409999999996,2,5,3,10,Loyal
C03829,29,3,59412.8,4,2,3,9,Potential
C03830,141,2,4965.62,1,1,1,3,Inactive
C03831,171,4,11448.1,1,3,1,5,At Risk
C03833,24,7,77223.81,4,5,4,13,VIP
C03834,36,4,12151.43,4,3,2,9,Potential
C03835,54,4,55683.5,3,3,3,9,Potential
C03836,107,5,17017.41,2,4,2,8,Potential
C03837,165,1,10477.74,1,1,1,3,Inactive
C03838,74,4,9859.93,2,3,1,6,At Risk
C03839,164,6,33499.409999999996,1,4,3,8,Potential
C03840,67,5,5927.06,2,4,1,7,Potential
C03841,76,1,780.02,2,1,1,4,Inactive
C03842,125,4,12455.98,1,3,2,6,At Risk
C03843,101,5,57663.64000000001,2,4,3,9,Potential
C03844,4,7,96796.09,5,5,4,14,VIP
C03845,18,6,75931.34,4,4,4,12,Loyal
C03846,19,6,128344.5,4,4,5,13,VIP
C03847,62,3,9754.84,3,2,1,6,At Risk
C03848,24,4,21258.34,4,3,2,9,Potential
C03849,33,5,74240.87999999999,4,4,4,12,Loyal
C03850,107,4,31328.56,2,3,3,8,Potential
C03851,43,8,106983.54999999999,3,5,4,12,Loyal
C03852,92,6,199513.4,2,4,5,11,Loyal
C03853,44,10,106918.45,3,5,4,12,Loyal
C03854,45,3,74075.52,3,2,4,9,Potential
C03855,163,4,33564.25,1,3,3,7,Potential
C03856,131,1,2404.66,1,1,1,3,Inactive
C03857,2,1,4023.41,5,1,1,7,Potential
C03858,24,7,21551.11,4,5,2,11,Loyal
C03859,81,4,18742.87,2,3,2,7,Potential
C03860,71,2,2427.15,2,1,1,4,Inactive
C03861,23,10,51788.31,4,5,3,12,Loyal
C03862,86,4,121243.39,2,3,5,10,Loyal
C03863,10,6,56607.31,5,4,3,12,Loyal
C03864,99,2,3636.37,2,1,1,4,Inactive
C03865,131,6,173431.97999999998,1,4,5,10,Loyal
C03866,93,4,70759.74,2,3,4,9,Potential
C03867,15,6,312949.74,5,4,5,14,VIP
C03868,181,4,69978.85,1,3,4,8,Potential
C03869,9,2,6578.21,5,1,1,7,Potential
C03870,48,7,43024.46,3,5,3,11,Loyal
C03871,4,6,131173.48,5,4,5,14,VIP
C03872,52,4,7877.15,3,3,1,7,Potential
C03874,28,10,53750.98,4,5,3,12,Loyal
C03875,165,2,4610.99,1,1,1,3,Inactive
C03876,122,6,127467.73,1,4,5,10,Loyal
C03877,63,4,225573.03,3,3,5,11,Loyal
C03878,13,5,164403.62,5,4,5,14,VIP
C03879,27,6,104719.99,4,4,4,12,Loyal
C03880,56,3,72823.48,3,2,4,9,Potential
C03881,6,7,58369.719999999994,5,5,3,13,VIP
C03882,181,2,168146.71999999997,1,1,5,7,Potential
C03883,54,8,28080.73,3,5,3,11,Loyal
C03884,15,3,20959.83,5,2,2,9,Potential
C03885,12,5,19787.32,5,4,2,11,Loyal
C03886,39,5,13512.689999999999,3,4,2,9,Potential
C03887,39,4,67145.72,3,3,4,10,Loyal
C03888,135,6,18545.41,1,4,2,7,Potential
C03889,29,2,51119.0,4,1,3,8,Potential
C03890,115,3,28268.37,2,2,3,7,Potential
C03891,6,8,157559.29,5,5,5,15,VIP
C03892,17,3,8765.24,4,2,1,7,Potential
C03893,50,8,35468.36,3,5,3,11,Loyal
C03894,59,6,13712.26,3,4,2,9,Potential
C03895,12,3,88268.82,5,2,4,11,Loyal
C03896,120,6,110809.79,1,4,5,10,Loyal
C03897,130,5,18151.8,1,4,2,7,Potential
C03898,88,4,21136.980000000003,2,3,2,7,Potential
C03899,11,8,48191.12,5,5,3,13,VIP
C03900,71,3,132315.5,2,2,5,9,Potential
C03901,86,5,70821.56,2,4,4,10,Loyal
C03902,1,8,51136.35,5,5,3,13,VIP
C03903,109,8,188790.66,2,5,5,12,Loyal
C03904,7,6,65638.84999999999,5,4,4,13,VIP
C03905,33,6,61759.52,4,4,4,12,Loyal
C03906,66,5,94931.64,3,4,4,11,Loyal
C03907,98,7,35881.149999999994,2,5,3,10,Loyal
C03908,21,4,14497.060000000001,4,3,2,9,Potential
C03909,41,5,48262.869999999995,3,4,3,10,Loyal
C03910,17,10,140729.18,4,5,5,14,VIP
C03911,21,6,24246.23,4,4,2,10,Loyal
C03912,215,3,63933.05,1,2,4,7,Potential
C03913,50,5,11106.970000000001,3,4,1,8,Potential
C03914,175,4,93172.43,1,3,4,8,Potential
C03915,23,5,11843.32,4,4,1,9,Potential
C03916,33,5,77508.35,4,4,4,12,Loyal
C03917,45,3,10707.01,3,2,1,6,At Risk
C03918,82,6,304883.76,2,4,5,11,Loyal
C03919,43,6,127278.31999999999,3,4,5,12,Loyal
C03920,40,7,57416.07,3,5,3,11,Loyal
C03921,20,5,12155.34,4,4,2,10,Loyal
C03922,1,4,5156.92,5,3,1,9,Potential
C03923,138,4,9735.46,1,3,1,5,At Risk
C03924,45,5,250010.94999999998,3,4,5,12,Loyal
C03925,64,4,136675.77,3,3,5,11,Loyal
C03926,39,5,172955.91999999998,3,4,5,12,Loyal
C03927,82,2,25568.26,2,1,2,5,At Risk
C03928,7,8,30535.87,5,5,3,13,VIP
C03929,12,9,221990.67,5,5,5,15,VIP
C03930,181,6,66852.97,1,4,4,9,Potential
C03931,112,5,20959.37,2,4,2,8,Potential
C03932,86,6,65013.53999999999,2,4,4,10,Loyal
C03933,36,4,66830.34,4,3,4,11,Loyal
C03934,46,7,67266.45,3,5,4,12,Loyal
C03935,278,2,7261.17,1,1,1,3,Inactive
C03936,128,4,120693.3,1,3,5,9,Potential
C03937,21,2,3271.1899999999996,4,1,1,6,At Risk
C03938,2,6,23027.59,5,4,2,11,Loyal
C03939,74,3,6021.6,2,2,1,5,At Risk
C03940,171,5,8952.65,1,4,1,6,At Risk
C03941,12,6,28998.43,5,4,3,12,Loyal
C03942,85,2,6576.849999999999,2,1,1,4,Inactive
C03943,60,5,18719.71,3,4,2,9,Potential
C03944,5,6,21343.27,5,4,2,11,Loyal
C03945,79,2,17350.58,2,1,2,5,At Risk
C03946,3,1,10784.92,5,1,1,7,Potential
C03947,47,2,5071.92,3,1,1,5,At Risk
C03948,68,5,75928.51,2,4,4,10,Loyal
C03949,68,7,77255.55,2,5,4,11,Loyal
C03950,125,2,31452.3,1,1,3,5,At Risk
C03951,118,3,4813.4,2,2,1,5,At Risk
C03952,49,9,79993.83,3,5,4,12,Loyal
C03953,34,7,128807.05,4,5,5,14,VIP
C03954,119,5,21294.19,1,4,2,7,Potential
C03955,80,4,67069.4,2,3,4,9,Potential
C03956,4,7,111709.84999999999,5,5,5,15,VIP
C03957,190,2,21013.45,1,1,2,4,Inactive
C03958,180,3,4018.85,1,2,1,4,Inactive
C03959,24,2,7503.2,4,1,1,6,At Risk
C03960,3,3,9461.3,5,2,1,8,Potential
C03961,127,5,66650.4,1,4,4,9,Potential
C03962,101,4,23365.8,2,3,2,7,Potential
C03963,45,3,6821.29,3,2,1,6,At Risk
C03964,18,8,30221.699999999997,4,5,3,12,Loyal
C03965,11,7,191847.09,5,5,5,15,VIP
C03966,198,3,7473.2,1,2,1,4,Inactive
C03967,21,3,66158.81,4,2,4,10,Loyal
C03968,25,5,76050.33,4,4,4,12,Loyal
C03969,12,8,43630.99,5,5,3,13,VIP
C03970,3,8,118237.94,5,5,5,15,VIP
C03971,6,8,51212.770000000004,5,5,3,13,VIP
C03972,172,4,21512.760000000002,1,3,2,6,At Risk
C03973,83,8,64928.65,2,5,4,11,Loyal
C03974,57,5,25541.93,3,4,2,9,Potential
C03975,9,5,384589.17,5,4,5,14,VIP
C03976,115,4,46600.9,2,3,3,8,Potential
C03977,173,3,107600.84,1,2,4,7,Potential
C03978,8,5,14314.36,5,4,2,11,Loyal
C03979,30,6,37877.86,4,4,3,11,Loyal
C03980,47,13,278228.89,3,5,5,13,VIP
C03981,68,3,68112.84,2,2,4,8,Potential
C03982,4,8,29544.46,5,5,3,13,VIP
C03983,50,4,46654.59,3,3,3,9,Potential
C03984,6,5,43988.88,5,4,3,12,Loyal
C03985,15,8,274597.55,5,5,5,15,VIP
C03986,41,6,29762.699999999997,3,4,3,10,Loyal
C03987,295,1,5301.2,1,1,1,3,Inactive
C03988,32,9,134038.42,4,5,5,14,VIP
C03989,6,8,106269.81999999999,5,5,4,14,VIP
C03990,36,4,17459.89,4,3,2,9,Potential
C03991,26,10,270841.31,4,5,5,14,VIP
C03992,93,6,89374.01000000001,2,4,4,10,Loyal
C03993,122,4,279165.42,1,3,5,9,Potential
C03994,20,2,18462.6,4,1,2,7,Potential
C03995,61,5,69561.9,3,4,4,11,Loyal
C03996,2,2,6763.299999999999,5,1,1,7,Potential
C03997,2,4,47862.15,5,3,3,11,Loyal
C03998,33,5,95867.9,4,4,4,12,Loyal
C03999,150,3,37952.35,1,2,3,6,At Risk
C04000,70,10,130950.18000000001,2,5,5,12,Loyal
